:020000040800F2
:10000000705C0020610200081D3C0008CB2B00083A
:1000100059340008E105000895520008000000006E
:10002000000000000000000000000000A101000826
:100030002307000800000000FD0100082F49000808
:100040007B0200087B0200087B0200087B0200089C
:100050007B0200087B0200087B0200087B0200088C
:100060007B0200087B0200087B0200087B0200087C
:100070007B0200087B0200087B0200087B0200086C
:10008000E90500087B0200087B0200087B020008EB
:100090007B0200087B0200087B0200087B0200084C
:1000A0007B0200087B0200087B0200087B0200083C
:1000B0000D4A00081D4A00087B0200087B02000868
:1000C0007B0200087B0200087B0200087B0200081C
:1000D0007B0200084D5200085D5200087B020008B8
:1000E0007B0200087B0200087B0200087B020008FC
:1000F0007B0200087B0200087B0200087B020008EC
:100100007B0200087B0200087B0200087B020008DB
:100110007B0200087B0200087B0200087B020008CB
:10012000F90500087B0200087B0200087B0200083A
:100130007B0200087B0200087B0200087B020008AB
:100140007B0200087B0200087B0200087B0200089B
:100150007B0200087B020008090600087B020008F9
:100160007B0200087B0200087B0200087B0200087B
:100170007B0200087B0200087B02000800000000F0
:100180007B0200087B020008DFF810D000F012F9B3
:100190000048004745570008AFF30080705C00201E
:1001A0002C4B19680868B0E8F04F80F30988BFF35A
:1001B0006F8F4FF0000080F311887047000000003F
:1001C00008480068006880F308884FF0000080F35A
:1001D000148862B661B6BFF34F8FBFF36F8F00DF35
:1001E00000BF00BF08ED00E0DFF80C00016841F43B
:1001F00070010160704700BF88ED00E0EFF30980F7
:10020000BFF36F8F134B1A681EF0100F08BF20ED5D
:10021000108A20E9F04F106009B44FF0500080F3CD
:100220001188BFF34F8FBFF36F8F06F0E7FD4FF0DC
:10023000000080F3118809BC19680868B0E8F04F25
:100240001EF0100F08BFB0EC108A80F30988BFF3CE
:100250006F8F704750000020EFF30580704700005B
:100260000648804706480047FEE7FEE7FEE7FEE750
:10027000FEE7FEE7FEE7FEE7FEE7FEE7F9490008D6
:10028000890100082DE9F05F0546002092469B4653
:1002900088460646814640241BE02846414647469C
:1002A000224600F076F853465A46C01A914110D3C0
:1002B00011461846224600F05DF82D1A67EB01083A
:1002C0004F4622460120002100F054F817EB0009A8
:1002D0004E41201EA4F10104DFDC484631462A4687
:1002E0004346BDE8F09F40EA01039B0703D009E0C5
:1002F00008C9121F08C0042AFAD203E011F8013B12
:1003000000F8013B521EF9D27047D2B201E000F86A
:10031000012B491EFBD270470022F6E710B51346A9
:100320000A4604461946FFF7F0FF204610BD30B5D7
:1003300004460020034600E05B1C934203D2E05CCD
:10034000CD5C401BF8D030BD30B50B4601460020D7
:100350002022012409E021FA02F59D4205D303FA87
:1003600002F5491B04FA02F52844151EA2F1010208
:10037000F1DC30BD202A04DB203A00FA02F1002033
:1003800070479140C2F1200320FA03F319439040D3
:100390007047202A04DB203A21FA02F0002170473E
:1003A00021FA02F3D040C2F12002914008431946DD
:1003B00070470000064C074D06E0E06840F001037E
:1003C00094E8070098471034AC42F6D3FFF7E0FEFC
:1003D000DC9E0008FC9E000870B50546AC6B206CE6
:1003E00000F0500050BB206C40F400702064206886
:1003F000806800F04050E8B9207ED8B92068C06A13
:1004000000F4700020B12068806800F4806088B932
:100410002068406820F0200021684860206C20F4AB
:1004200080702064206C00F4805018B9206C40F07B
:1004300001002064204600F03FFA0BE0206C00F041
:10044000100018B1204600F039FA03E0A06BC16C2F
:100450002846884770BD70B50546AC6B40202064C7
:10046000606C40F004006064204600F027FA70BD24
:1004700070B50446A56B284600F01FFA70BD000059
:1004800055494A6822F440324A604A6843681A4330
:100490004A600268526822F4807203685A600268F7
:1004A0005368026943EA022203685A60026852688C
:1004B00022F0407203685A600268526883681A43E7
:1004C00003685A600268926822F4006203689A60C6
:1004D00002689268C3681A4303689A603F4B826A55
:1004E0009A4218D00268926822F0706203689A609B
:1004F00002689268836A1A4303689A600268926885
:1005000022F0405203689A6002689268C36A1A43F4
:1005100003689A600BE00268926822F070620368D8
:100520009A600268926822F0405203689A600268FA
:10053000926822F0020203689A6002689368027E61
:1005400043EA420203689A602022125CA2B1026868
:10055000526842F4006203685A600268526822F4EA
:10056000604203685A6002685368426A521E43EA56
:10057000423203685A6005E00268526822F4006261
:1005800003685A600268D26A22F470020368DA6271
:100590000268D36A828B521E43EA02520368DA620F
:1005A0000268926822F4007203689A600268936895
:1005B00090F8302043EA422203689A600268926809
:1005C00022F4806203689A6002689368426943EA91
:1005D000822203689A607047002301400100000FE7
:1005E00000BFFEE77047000010B5024800F046FB70
:1005F00010BD00005803002010B5024800F03EFB7B
:1006000010BD00001801002010B5024800F036FBB4
:1006100010BD0000F80200200146087810381823A9
:10062000B0FBF3F20848805CC865032A05D9086866
:100630006FF30900001D886503E008686FF3090087
:100640008865886D70470000287D000801460020FD
:100650008A6A8B69CBB932B1012A0DD0022A03D044
:10066000032A10D10EE000BFCB6A03F08073B3F110
:10067000807F00D1012007E0CB6AB3F1C07F00D1B9
:10068000012001E000E000BF34E08B69B3F5005FBA
:100690001AD132B1012A07D0022A03D0032A11D17C
:1006A0000AE000BF01200EE0CB6A03F08073B3F1D3
:1006B000807F00D1012006E0CB6AB3F1C07F00D17A
:1006C000012000E000BF15E032B1012A05D0022A66
:1006D00004D0032A0CD103E000BF00BF012008E0D2
:1006E000CB6A03F08073B3F1807F00D1012000E07A
:1006F00000BF00BF704730B50468246824F480242C
:1007000005682C60046863608468402C04D1046828
:10071000A2600468E16003E00468A1600468E2602C
:1007200030BD704772B600BFFEE7000038B5024624
:100730000020009000BF92F83C00012801D1022067
:1007400038BD012082F83C0000BF0868092816D98E
:100750001068C0680C780A3C04EB44050724AC40E0
:10076000A0431468E0600C780A3C04EB44048868F9
:10077000A0401468E46820431468E06013E0106847
:1007800000690C7804EB44050724AC40A0431468CE
:1007900020610C7804EB44048868A0401468246944
:1007A0002043146820614868072817D21068406BFE
:1007B0000C79641E04EB84051F24AC40A04314682C
:1007C0006063088880B20C79641E04EB8404A04046
:1007D0001468646B20431468606331E048680D2836
:1007E00017D21068006B0C79E41F04EB84051F24FA
:1007F000AC40A04314682063088880B20C79E41FE1
:1008000004EB8404A0401468246B20431468206324
:1008100016E01068C06A0C790D3C04EB84051F24B7
:10082000AC40A0431468E062088880B20C790D3CAB
:1008300004EB8404A0401468E46A20431468E06276
:10084000194B1A4C1068A04206D10868122803D12F
:10085000586840F480005860144C1068A0421CD1C5
:100860000868102802D00868112816D1586840F48A
:1008700000005860086810280FD10D4800680D4C22
:10088000B0FBF4F000EB80004000009002E0009824
:10089000401E009000980028F9D100BF002082F887
:1008A0003C0000BF00BF4BE7002301400020014097
:1008B0001C00002040420F00704770477047000046
:1008C00070B5044600250CB9012070BD1549A06A19
:1008D000884200D000BF206C30B9204600F024F8D8
:1008E0000020606484F83C00206C00F0100088B99F
:1008F000206C20F4885040F0020020642046FFF76E
:10090000BFFD00206064206C20F0020040F0010078
:10091000206400E0012500BF002084F83C0000BFF7
:100920002846D2E70100000F10B586B00446142116
:1009300001A8FFF7F1FC2849206888424AD100BF8E
:10094000002000902548006840F48070234908602A
:100950000846006800F48070009000BF00BF00BF30
:10096000002000901D481438006840F001001B4929
:10097000143908600846006800F00100009000BFCC
:1009800000BFC3200190032002900020039001A922
:10099000134800F067FB13481349086000204860C3
:1009A000002111488160C1604FF4806101614900FC
:1009B0004161890081614911C16100210162416287
:1009C00000F07CFA08B1FFF7ADFE00BF0648A06357
:1009D000846300BF06B010BD0020014044380240CF
:1009E0000000024010640240180100202DE9F84385
:1009F00004460D46164600200090804600BF94F83D
:100A00003C00012802D10220BDE8F883012084F8CF
:100A10003C0000BF2068806800F00100A0B9206899
:100A2000806840F001002168886056480068564997
:100A3000B0FBF1F000EB4000009002E00098401E97
:100A4000009000980028F9D12068806800F4807038
:100A5000B0F5807F05D12068806820F4807021681F
:100A600088602068806800F0010000287FD0206C3A
:100A700040F20161884340F480702064206840683F
:100A800000F4806028B1206C20F4005040F48050C5
:100A90002064206C00F48050B0F5805F04D1606C5D
:100AA00020F00600606401E00020606400BF0020C8
:100AB00084F83C0000BF354F3548A16BC86335480A
:100AC000A16B08643448A16BC8646FF022002168F0
:100AD00008602068406840F08060216848602068B5
:100AE000806840F4807021688860226802F14C01BF
:100AF00033462A46A06B00F057FA8046786800F02B
:100B00001F0018BB25492068884213D0244920685B
:100B1000884204D1381D006800F01F0050B12149FF
:100B2000206888422BD11948001D006800F01F0082
:100B3000102824D22068806800F04050F8B920685E
:100B4000806840F080402168886018E01349206880
:100B5000884214D12068806800F0405078B920683D
:100B6000806840F080402168886008E0FFE7206CE2
:100B700040F010002064606C40F00100606440466A
:100B800042E700001C00002040420F00002301400B
:100B9000D903000871040008570400080020014030
:100BA000002101400022014070B50446A56D00F00F
:100BB00061FB064694F83500022808D08020606565
:100BC00000BF002084F8340000BF012070BD206801
:100BD000006820F01600216808602068406920F055
:100BE000800021684861206C08B9A06C28B1206899
:100BF000006820F00800216808602068006820F084
:100C000001002168086010E000F034FB801B05281B
:100C10000BD920206065032084F8350000BF002038
:100C200084F8340000BF0320D0E72068006800F09B
:100C300001000028E8D194F85C103F208840A860AB
:100C4000012084F8350000BF002084F8340000BF84
:100C500000BFBBE7014691F83500022803D0802091
:100C6000486501207047052081F835000868006854
:100C700020F001000A6810600020F3E7F8B5044690
:100C8000002000908C4800684FF41651B0FBF1F73B
:100C9000A56D2E6894F85C1008208840304098B10B
:100CA0002068006800F0040070B12068006820F03F
:100CB00004002168086094F85C1008208840A8604F
:100CC000606D40F00100606594F85C100120884080
:100CD000304068B12068406900F0800040B194F86D
:100CE0005C1001208840A860606D40F002006065E3
:100CF00094F85C1004208840304068B12068006897
:100D000000F0020040B194F85C1004208840A86014
:100D1000606D40F00400606594F85C10102088401D
:100D2000304078B32068006800F0080050B394F8B1
:100D30005C1010208840A8602068006800F48020C3
:100D400080B12068006800F4002028B9206CC8B188
:100D50002046216C884715E0A06C98B12046A16C14
:100D600088470FE02068006800F4807028B9206888
:100D7000006820F0080021680860206C10B120464F
:100D8000216C884794F85C1020208840304000286F
:100D900065D02068006800F0100000285FD094F84B
:100DA0005C1020208840A86094F83500052828D1E0
:100DB0002068006820F016002168086020684069FB
:100DC00020F0800021684861206C08B9A06C28B12F
:100DD0002068006820F008002168086094F85C1022
:100DE0003F208840A860012084F8350000BF002023
:100DF00084F8340000BF206D10B12046216D884773
:100E0000F8BD2068006800F4802080B12068006888
:100E100000F4002028B9606C10B12046616C88474E
:100E20001DE0E06BD8B12046E16B884717E02068F1
:100E3000006800F4807068B92068006820F0100035
:100E400021680860012084F8350000BF002084F884
:100E5000340000BFE06B10B12046E16B8847606D45
:100E600038B3606D00F00100F0B1052084F8350062
:100E70002068006820F001002168086000BF009829
:100E8000401C0090B84200D905E02068006800F0DE
:100E900001000028F3D100BF012084F8350000BF15
:100EA000002084F8340000BFE06C10B12046E16CF3
:100EB000884700BFA4E700001C0000202DE9F04196
:100EC0000446002500F0D6F9074614B90120BDE814
:100ED000F081606A00B100BF022084F8350000BFD5
:100EE000002084F8340000BF2068006820F0010072
:100EF000216808600AE000F0BDF9C01B052805D98B
:100F000020206065032084F83500E0E72068006851
:100F100000F001000028EED1206805682148054056
:100F2000D4E901010843E168084321690843616984
:100F30000843A1690843E1690843216A084305435E
:100F4000606A042803D1D4E90B01084305432068F3
:100F500005602068456925F00705606A0543606AF9
:100F600004280DD1A06A0543E06A48B12046FFF786
:100F70006DFB28B140206065012084F83500A6E7AC
:100F8000206845612046FFF747FB064694F85C1051
:100F90003F208840B06000206065012084F8350063
:100FA000002094E73F8010F02DE9F04704460D46FD
:100FB00016461F464FF00008D4F8589000BF94F82A
:100FC0003400012802D10220BDE8F087012084F816
:100FD000340000BF94F83500012825D1022084F8A0
:100FE0003500002060653B46324629462046FFF723
:100FF00082FB94F85C103F208840C9F80800206804
:10100000006840F0160021680860206C28B1206854
:10101000006840F00800216808602068006840F01F
:1010200001002168086006E000BF002084F8340059
:1010300000BF4FF002084046C6E7000070B5044606
:1010400000F018F906462546681C10B104480078DF
:10105000054400BF00F00EF9801BA842FAD370BD12
:1010600018000020F8B502460B4600250024002099
:101070000021D6E0012606FA01F51E6806EA0504FD
:10108000AC4274D11E7906F00306012E04D01E79FD
:1010900006F00306022E13D190684F000326BE40CF
:1010A000B0434F00DE68BE40304390605068012678
:1010B0008E40B0431E79C6F300168E403043506018
:1010C0001E7906F00306032E09D0D0684F000326D0
:1010D000BE40B0434F009E68BE403043D0601E7992
:1010E00006F00306022E13D1CF0802F1200656F8AF
:1010F00027004E07F70E0F26BE40B0434F07FF0EE6
:101100001E69BE403043CF0802F1200646F8270092
:1011100010684F000326BE40B0431E7906F0030658
:101120004F00BE40304310605E6806F44036002E2B
:1011300076D000BF002600963C4E366846F48046C6
:101140003A4F3E603E46366806F48046009600BF41
:1011500000BF374E8F0856F827008E07370F0F262F
:10116000BE40B043334EB24202D1002624E057E0E5
:10117000314EB24201D101261EE0304EB24201D1C1
:10118000022619E02E4EB24201D1032614E02D4E64
:10119000B24201D104260FE02B4EB24201D1052606
:1011A0000AE02A4EB24201D1062605E0284EB2429C
:1011B00001D1072600E008268F073F0FBE403043CD
:1011C0001B4E8F0846F82700224E3068A0435E6809
:1011D00006F4801606B120431E4E3060361D30687E
:1011E000A0435E6806F4001606B12043194E361D72
:1011F0003060184E361F3068A0435E6806F4003633
:1012000006B12043134E361F3060361F3068A043AE
:101210005E6806F4803606B120430E4E083E30600C
:10122000491C1029FFF426AFF8BD000044380240E5
:10123000083801400000024000040240000802405B
:10124000000C02400010024000140240001802404E
:10125000001C0240083C0140024613690B400BB1E0
:10126000012000E0002070470AB1816101E00B0419
:10127000836170470148006870470000100000203B
:1012800070B504460CB9012070BD94F83D0028B932
:10129000002084F83C00204600F092F9242084F8D5
:1012A0003D002068006820F0010021680860206887
:1012B000006840F40040216808602068006820F45D
:1012C00000402168086000F015FC05465C49606834
:1012D000884206D85B48854201D2012007E0002001
:1012E00005E05948854201D2012000E00020012894
:1012F00000D1C9E75548B5FBF0F62068406820F0FA
:101300003F003043216848604D496068884201D8F9
:10131000701C07E04FF4967070434FF47A71B0FB85
:10132000F1F0401C2168096A21F03F01084321685F
:10133000086243496068884214D8681E61684900A1
:10134000B0FBF1F0401CC0F30B00042801D20420D4
:101350003DE0681E61684900B0FBF1F0401CC0F33D
:101360000B0034E0A06838B9681E616801EB4101E8
:10137000B0FBF1F0401C0AE0681E616801EBC1029D
:1013800002EB0111B0FBF1F0401C40F48040C0F3CF
:101390000B0008B901201AE0A06848B9681E61680E
:1013A00001EB4101B0FBF1F0401CC0F30B000CE07D
:1013B000681E616801EBC10202EB0111B0FBF1F0A4
:1013C000401CC0F30B0040F4804040F40040216812
:1013D000C9694CF6FF72914308432168C861D4E99A
:1013E000070108432168096821F0C001084321680A
:1013F0000860D4E9031008432168896848F2FF3285
:101400009143084321688860D4E9050108432168B5
:10141000C96821F0FF0108432168C860206800689E
:1014200040F001002168086000202064202084F83A
:101430003D000020206384F83E0000BF24E7000048
:10144000A086010080841E0000093D0040420F007C
:101450002DE9F8430446894616461F46DDF82080EC
:10146000FFF708FF054694F83D0020287ED1192398
:10147000012251492046009501F05BFC10B1022089
:10148000BDE8F88300BF94F83C00012801D1022098
:10149000F6E7012084F83C0000BF2068006800F0F7
:1014A000010028B92068006840F001002168086048
:1014B0002068006820F4006021680860212084F81A
:1014C0003D00102084F83E0000202064666267859D
:1014D000608D20853948E0622B46424649462046C9
:1014E00001F094FB08B10120CAE700BF0020009082
:1014F00020684069009020688069009000BF00BFAC
:1015000044E02A464146204601F0EFFC50B1206CF1
:10151000042805D12068006840F400702168086044
:101520000120ADE7606A007821680861606A401CAC
:101530006062608D401E6085208D401E2085206881
:101540004069C0F3800070B1208D60B1606A00789E
:1015500021680861606A401C6062608D401E608581
:10156000208D401E20852A46414600E022E020468C
:1015700001F0ACFB50B1206C042805D12068006854
:1015800040F4007021680860012079E7208D002870
:10159000B7D12068006840F40070216808602020FE
:1015A00084F83D00002084F83E0000BF84F83C0031
:1015B00000BF65E7022063E7020010000000FFFFA4
:1015C00010B586B00446142101A8FEF7A5FE4449D3
:1015D000206888422FD100BF002000904148006859
:1015E00040F002003F4908600846006800F0020031
:1015F000009000BF00BFC020019012200290002088
:101600000390032004900420059001A93648FFF7B9
:1016100029FD00BF0020009032481030006840F4DF
:1016200000103049103108600846006800F40010CE
:10163000009000BF51E02D49206888424DD100BF85
:10164000002000902748006840F004002549086009
:101650000846006800F00400009000BF00BF00BF13
:10166000002000900846006840F00100086008462D
:10167000006800F00100009000BF00BF4815019015
:101680001220029000200390032004900420059073
:1016900001A91748FFF7E6FC4FF480700190122073
:1016A000029000200390032004900420059001A9DB
:1016B0001048FFF7D7FC00BF002000900948103009
:1016C000006840F4000007491031086008460068CF
:1016D00000F40000009000BF00BF06B010BD000085
:1016E000005400403038024000040240005C0040DA
:1016F00000080240000002400348006803490978DE
:1017000008440149086070471000002018000020BC
:1017100010B50D48006840F400700B490860084699
:10172000006840F4806008600846006840F48070FB
:101730000860032000F0E0F80F2000F007F800F048
:101740005FF8002010BD0000003C02402DE9F04190
:1017500088B004460027B84600BF00200190244806
:10176000006840F00100224908600846006800F067
:101770000100019000BF00BF02A903A800F092F988
:10178000069F1FB900F0B6F9054602E000F0B2F975
:1017900045001848B5FBF0F0A0F101084FF080407B
:1017A0001549086040F2E7311348C160C0F8048071
:1017B000002101618160816100F0BCFC064696B9A0
:1017C0000D4800F00FFD06466EB91C2000F042F8EF
:1017D000102C07D2002221461C2000F04FF80748A9
:1017E000046000E00126304608B0BDE8F08100004A
:1017F0004038024040420F00B8030020140000208F
:1018000008B500BF002000901148006840F48040F7
:101810000F4908600846006800F48040009000BF4F
:1018200000BF00BF00200090081F006840F08050FB
:10183000091F08600846006800F08050009000BF53
:1018400000BF00220F21901E00F018F808BD000014
:10185000443802400146084600280DDB00BF00BFA7
:1018600000F01F0301229A4043099B0003F1E0238B
:10187000C3F8002100BF00BF00BF70472DE9F05F33
:1018800080460D461646002703F056FD07463946AA
:101890002A46334601F00700C0F1070ABAF1040FE7
:1018A00002D94FF0040A01E0C0F1070AD14600F165
:1018B000040ABAF1070F02D24FF0000A01E0A0F1CA
:1018C000030AD4464FF0010A0AFA09FAAAF1010AFA
:1018D0000AEA020A0AFA0CFA4FF0010B0BFA0CFBA7
:1018E000ABF1010B0BEA030B4AEA0B04214640461D
:1018F00003F02AFDBDE8F09F00BF00F00702064B91
:1019000019684FF6FF031940044B0B4343EA0221C9
:10191000014B196000BF70470CED00E00000FA05B4
:1019200070B504460D460CB9012070BD58480068DA
:1019300000F00700A84209D255490D70084600681A
:1019400000F00700A84201D00120EEE7207800F067
:10195000020002281DD1207800F00400042805D1DF
:101960004C48006840F4E0504A490860207800F094
:101970000800082805D14748006840F46040454900
:1019800008604448006820F0F000A168084341491D
:101990000860207800F00100A8B36068012807D132
:1019A0003C4808380068C0F34040B8B90120BCE7A3
:1019B0006068022802D06068032807D135480838DB
:1019C0000068C0F3406048B90120AEE731480838EC
:1019D0000068C0F3400008B90120A6E72D48006860
:1019E00020F00300616808432A490860FFF742FCC1
:1019F000064609E0FFF73EFC801B41F28831884231
:101A000002D9032091E707E02248006800F00C00AB
:101A10006168B0EB810FEDD11D48006800F0070050
:101A2000A84209D91A490D700846006800F007005D
:101A3000A84201D0012078E7207800F004000428B3
:101A400007D11448006820F4E050E16808431149C8
:101A50000860207800F00800082808D10D480068C8
:101A600020F46040216940EAC1000A49086000F0A2
:101A700061F808490968C1F30311074A515CC8407D
:101A80000649086006480068FFF760FE00204CE742
:101A9000003C024008380240307D00081C00002055
:101AA000140000200F2202600D4A126802F00302A7
:101AB00042600B4A126802F0F0028260084A126823
:101AC00002F4E052C260064A126802F46042D20890
:101AD0000261044A126802F007020A6070470000BF
:101AE00008380240003C024001480068704700008E
:101AF0001C00002000B5FFF7F7FF04490968C1F397
:101B00008221034A515CC84000BD000008380240F1
:101B1000407D000800B5FFF7E7FF04490968C1F3FD
:101B20004231034A515CC84000BD00000838024001
:101B3000407D00082DE9F047002400250026A1463D
:101B40002548006800F00C0020B1042805D00828C2
:101B50003AD105E0DFF8849039E0DFF8809036E094
:101B60001D48001F006800F03F041B48001F00686C
:101B700000F4800078B119481749091F0968C1F3BA
:101B80008811A0FB01700146224600233846FEF76B
:101B900079FB05460EE011480F49091F0968C1F39A
:101BA0008811A0FB01700146224600233846FEF74B
:101BB00069FB05460848001F0068C0F30140401C4F
:101BC0004600B5FBF6F902E0DFF8109000BF00BF59
:101BD0004846BDE8F0870000083802400024F400C1
:101BE000F8B504460CB90120F8BD207800F00100DA
:101BF000002874D0F948006800F00C0004280DD0CB
:101C0000F648006800F00C00082813D1F348001FC4
:101C1000006800F48000B0F5800F0BD1EF48083861
:101C20000068C0F34040002859D06068002856D1B1
:101C30000120D9E700BF6068B0F5803F08D1E748D0
:101C40000838006840F48030E449083908601EE034
:101C50006068B0F5A02F0DD1E0480838006840F466
:101C60008020DE49083908600846006840F480306A
:101C700008600CE0D9480838006820F48030D74963
:101C8000083908600846006820F48020086000BF1A
:101C9000606890B1FFF7EEFA054606E0FFF7EAFA52
:101CA000401B642801D903209EE7CC48083800680F
:101CB000C0F340400028F1D011E0FFF7DBFA054601
:101CC00006E0FFF7D7FA401B642801D903208BE711
:101CD000C24808380068C0F340400028F1D120789D
:101CE00000F0020002285FD1BC48006800F00C0040
:101CF00058B1BA48006800F00C0008281CD1B74859
:101D0000001F006800F48000B0B9B44808380068CB
:101D1000C0F3400020B1E068012801D0012063E752
:101D2000AE480838006820F0F800216940EAC10098
:101D3000AA490839086037E0E06800B30120A849E3
:101D40000860FFF797FA054606E0FFF793FA401B95
:101D5000022801D9032047E7A04808380068C0F3EB
:101D600040000028F1D09D480838006820F0F800B5
:101D7000216940EAC10099490839086014E000204F
:101D800097490860FFF776FA054606E0FFF772FA12
:101D9000401B022801D9032026E790480838006834
:101DA000C0F340000028F1D1207800F00800082896
:101DB0002CD16069A8B101208A490860FFF75AFA5E
:101DC000054606E0FFF756FA401B022801D903201A
:101DD0000AE782486C300068C0F340000028F1D068
:101DE00014E000207F490860FFF744FA054606E04A
:101DF000FFF740FA401B022801D90320F4E6774898
:101E00006C300068C0F340000028F1D1207800F069
:101E10000400042870D1002770483830006800F0B2
:101E2000805090B900BF002000906C4838300068A6
:101E300040F080506949383108600846006800F079
:101E40008050009000BF00BF01276748006800F481
:101E50008070B0B96448006840F4807062490860DE
:101E6000FFF708FA054606E0FFF704FA401B0228D0
:101E700001D90320B8E65C48006800F480700028AF
:101E8000F2D000BFA068012808D15448683000682B
:101E900040F001005149683108601DE0A068052844
:101EA0000DD14E486830006840F004004B4968315D
:101EB00008600846006840F0010008600CE04748F0
:101EC0006830006820F00100444968310860084625
:101ED000006820F00400086000BFA068A8B1FFF708
:101EE000C9F9054609E0FFF7C5F9401B41F2883101
:101EF000884202D9032077E626E038486830006837
:101F0000C0F340000028EED013E0FFF7B3F9054618
:101F100008E0FFF7AFF9401B41F28831884201D950
:101F2000032061E62D4868300068C0F340000028B7
:101F3000EFD1012F07D129483830006820F08050B8
:101F400026493831086000BFA069002845D02348E1
:101F5000006800F00C0008285DD0A069022845D177
:101F600000201F490866FFF785F9054606E0FFF7E0
:101F700081F9401B022801D9032035E617480838AB
:101F80000068C0F340600028F1D1D4E9070108439C
:101F9000616A40EA81110122A06AC2EB500041EA65
:101FA00000412C20005D41EA00600C49091F0860D7
:101FB00001200B490866FFF75DF9054606E0FFF7CB
:101FC00059F9401B022801D903200DE603480838BF
:101FD0000068C0F340600028F1D049E008380240B2
:101FE00000004742800E4742007000400020214917
:101FF0000866FFF73FF9054606E0FFF73BF9401B8F
:10200000022801D90320EFE51B480068C0F34060B7
:102010000028F2D12CE0A069012800D1E4E516489F
:10202000001D0668A069012820D006F48001E0693F
:1020300081421BD106F03F01206A814216D147F64A
:10204000C0703040616AB0EB811F0FD106F440319F
:102050000122A06AC2EB5000B1EB004F06D106F09E
:1020600070612C20005DB1EB006F01D00120BBE559
:102070000020B9E500004742003802407047704731
:1020800030B502460B4600BF92F83C00012801D152
:10209000022030BD012082F83C0000BF022082F8FF
:1020A0003D00106844681068816824F07004186866
:1020B000044310684460184D1068A8421BD0106893
:1020C000B0F1804F17D0154D1068A84213D0144DB1
:1020D0001068A8420FD0134D1068A8420BD0124DC3
:1020E0001068A84207D0114D1068A84203D0104DC7
:1020F0001068A84205D121F080015868014310689A
:102100008160012082F83D0000BF002082F83C0081
:1021100000BF00BFBDE70000000001400004004018
:1021200000080040000C0040000401400040014055
:102130000018004010B504460CB9012010BD94F8F9
:102140003D0028B9002084F83C00204600F026F825
:10215000022084F83D00211D206802F067FC012068
:1021600084F8460000BF84F83E0001213F2001555D
:10217000402001554120015500BF00BF012084F8D7
:10218000420043200155442001554520015500BF20
:10219000012084F83D000020D0E7000038B5044657
:1021A0000E492068884217D100BF002000900C48DB
:1021B000006840F002000A4908600846006800F024
:1021C0000200009000BF00BF002205211D20FFF784
:1021D00055FB1D20FFF73EFB38BD0000000400400A
:1021E00040380240014691F83D00012801D001200D
:1021F0007047022081F83D000868C06840F0010087
:102200000B68D8601A4B086898421BD00868B0F178
:10221000804F17D0174B0868984213D0164B0868A8
:1022200098420FD0154B086898420BD0144B0868A1
:10223000984207D0134B0868984203D0124B0868A5
:1022400098420CD10868806800F00702062A0CD07A
:102250000868006840F001000B68186005E0086835
:10226000006840F001000B6818600020C0E7000023
:10227000000001400004004000080040000C004045
:102280000004014000400140001800402DE9F041E9
:1022900004460D46002700BF94F83C00012802D1F7
:1022A0000220BDE8F081012084F83C0000BF02203C
:1022B00084F83D002068866826F0770626F47F467D
:1022C000206886602868502833D00CDC202850D045
:1022D00004DC00284BD0102851D149E0302849D0E7
:1022E00040284CD139E060282DD0702807D0B0F5B7
:1022F000805F03D0B0F5005F41D10DE041E0D5E94A
:1023000002136A68206802F001FC2068866846F0C3
:1023100077062068866034E0D5E902136A68206891
:1023200002F0F4FB2068806840F4804021688860F7
:1023300027E0EA686968206802F0FCFB5021206809
:1023400002F0EFFB1DE0EA686968206802F005FC16
:102350006021206802F0E5FB13E0EA686968206804
:1023600002F0E8FB4021206802F0DBFB09E000BF3F
:1023700000BF00BF2968206802F0D3FB01E00127FD
:1023800000BF00BF012084F83D0000BF002084F89A
:102390003C0000BF384684E7704770B504462068AB
:1023A000C5682068066906F00200022819D105F008
:1023B0000200022815D1401F216808610120207702
:1023C0002068806900F0030018B12046FFF7E4FFA1
:1023D00005E0204600F097F8204600F095F8002030
:1023E000207706F00400042819D105F00400042821
:1023F00015D1C043216808610220207720688069D8
:1024000000F4407018B12046FFF7C6FF05E02046F3
:1024100000F079F8204600F077F80020207706F0E9
:102420000800082819D105F00800082815D1C04374
:1024300021680861042020772068C06900F003004B
:1024400018B12046FFF7A8FF05E0204600F05BF832
:10245000204600F059F80020207706F010001028E0
:1024600019D105F01000102815D1C043216808616A
:10247000082020772068C06900F4407018B1204619
:10248000FFF78AFF05E0204600F03DF8204600F007
:102490003BF80020207706F0010048B105F001006C
:1024A00030B16FF0010021680861204600F02EF87D
:1024B00006F08000802809D105F08000802805D131
:1024C000C043216808612046FFF7D8FD06F04000B0
:1024D000402809D105F04000402805D1C0432168BB
:1024E0000861204600F024F806F02000202809D1D9
:1024F00005F02000202805D1C0432168086120464E
:10250000FFF7BDFD70BD70477047000010B5044671
:102510002068B0F1804F01D1FFF7EEF80349206841
:10252000884201D100F026FD10BD000000040040EB
:1025300070477047034A0168914202D10021024A64
:102540001170704700100140400000202DE9F84F45
:102550000446206805682068C668206847694FF00F
:102560000009CA4605F00F09B9F1000F0AD105F0BC
:10257000200038B106F0200020B1204602F035FCE2
:10258000BDE8F88FB9F1000F7CD007F0010018B951
:1025900006F49070002875D005F0010030B106F403
:1025A000807018B1606C40F00100606405F00400B8
:1025B00030B107F0010018B1606C40F002006064B7
:1025C00005F0020030B107F0010018B1606C40F076
:1025D0000400606405F0080048B106F0200010B95E
:1025E00007F0010018B1606C40F008006064606C96
:1025F000002846D005F0200028B106F0200010B1D8
:10260000204602F0F2FB20684069C0F3801A606C3B
:1026100000F0080010B9BAF1000F2DD0204602F0EA
:102620008BFB2068406900F04000402820D100BFAB
:1026300000BF2168143151E8001F21F040002168DB
:10264000143141E80002002AF3D100BFE06B50B121
:102650007F48E16B0865E06BFEF7FCFA88B1E06B40
:10266000016D88470DE02046FFF764FF09E009E0AF
:102670002046FFF75FFF04E02046FFF75BFF0020E6
:1026800060647DE7206B012878D105F010000028F8
:1026900074D006F010000028FAD000BF002000908F
:1026A00020680068009020684068009000BF00BF6C
:1026B0002068406900F04000402870D1E06B00685D
:1026C00040681FFA80F8B8F1000F58D0A08D40453F
:1026D00055DDA4F82E80E06BC069B0F5807F43D053
:1026E00000BF00BF21680C3151E8001F21F4807049
:1026F00021680C3141E80002002AF3D100BF00BF7D
:1027000000BF2168143151E8001F21F00100216849
:10271000143141E80002002AF3D100BF00BF00BF1E
:102720002168143151E8001F21F040002168143164
:1027300041E80002002AF3D100BF202084F84200C3
:102740000020206300BF00BF21680C3151E8001F4A
:1027500021F0100021680C3141E80002002AF3D179
:1027600000BFE06BFEF720FA02206063A08DE28DCF
:10277000801A81B22046FFF7DCFE0EE052E0A08D09
:1027800040450AD1E06BC069B0F5807F05D10220D9
:102790006063A18D2046FFF7CCFEF1E6FFE7A08D38
:1027A000E18D401A1FFA80F8E08DD0B3B8F1000F28
:1027B00037D000BF00BF21680C3151E8001F21F461
:1027C000907021680C3141E80002002AF3D100BF6B
:1027D00000BF00BF2168143151E8001F21F0010043
:1027E0002168143141E80002002AF3D100BF202003
:1027F00084F842000020206300BF00BF21680C3134
:1028000051E8001F21F0100021680C3141E800025E
:10281000002AF3D100BF0220606341462046FFF743
:1028200088FEADE605F0800030B106F0800018B1FA
:10283000204602F0DBFCA3E605F0400030B106F0D4
:10284000400018B1204602F0ADFA99E600BF97E6C5
:10285000994B000810B504460CB9012010BDA069C1
:1028600000B100E000BF94F8410028B9002084F8CE
:102870004000204600F02AF8242084F84100206817
:10288000C06820F400502168C860204602F02CFB8C
:102890002068006920F49040216808612068406940
:1028A00020F02A00216848612068C06840F4005088
:1028B0002168C86000206064202084F8410084F80A
:1028C00042000020606300BFC8E7000010B586B07A
:1028D0000446142101A8FDF71FFD6E4920688842B7
:1028E0005AD100BF002000906B48006840F01000F3
:1028F000694908600846006800F01000009000BFB9
:1029000000BF00BF0020009063481438006840F00A
:1029100001006149143908600846006800F00100B0
:10292000009000BF00BF4FF4C060019002200290F1
:1029300000200390032004900720059001A9574828
:10294000FEF790FB5648574908604FF0006048601A
:102950004021544881600021C1604FF480610161D1
:10296000002141618161C1614FF4003101620021A8
:102970004162FEF7A3FA08B1FDF7D4FE00BF494853
:10298000A063846300BF002205212520FEF776FFA7
:102990002520FEF75FFF7AE043492068884276D120
:1029A00000BF002000903C48001F006840F4003049
:1029B0003949091F08600846006800F4003000909B
:1029C00000BF00BF00BF00200090334814380068EB
:1029D00040F001003049143908600846006800F0F2
:1029E0000100009000BF00BF00BF0020009008461B
:1029F000006840F0080008600846006800F0080021
:102A0000009000BF00BF042001900220029000202F
:102A10000390032004900720059001A91F48FEF7AA
:102A200021FB40200190022002900020039003200F
:102A300004900720059001A91C48FEF713FB1C48D1
:102A40001C4908604FF0006048600021194881600F
:102A5000C1604FF4806101610021416181614FF4E7
:102A60008071C161002101624162FEF727FA08B15D
:102A7000FDF758FE00BF0F48E063846300BF0022EB
:102A800005212620FEF7FAFE2620FEF7E3FE06B01B
:102A900010BD000000100140443802400000024018
:102AA000B8640240F802002000440040000C0240DC
:102AB000886002405803002070B504460D46164653
:102AC00094F8420020280BD105B10EB9012070BD49
:102AD0000020206332462946204602F01BFBF6E721
:102AE0000220F4E710B5044603492068884201D16A
:102AF00003F0CEFE10BD00000044004010B50446B7
:102B000003492068884201D103F0C2FE10BD0000D5
:102B100000440040F7B50446154694F841002028CB
:102B20003ED1019800B10DB90120FEBD019820628F
:102B3000A584E58400206064212084F841001948C0
:102B4000A16BC8631848A16B08641848A16BC864DE
:102B50000020A16B086501AE23681A1D31682B4661
:102B6000A06BFEF721FA30B110206064202084F8B9
:102B700041000120D9E76FF040002168086000BFE4
:102B800000BF2168143151E8001F41F08000216826
:102B9000143141E80002002AF3D100BF0020C4E74D
:102BA0000220C2E7D34C00082B4D0008AB4B0008B5
:102BB000034A0168914202D10021024A1170704714
:102BC0000010014040000020704700BFFEE70146B2
:102BD00008684069C0F38020B0B16FF480600A6873
:102BE000506100200863202081F83D00002081F81A
:102BF0003E00086C40F00400086400BF002081F82B
:102C00003C0000BF012070470020FCE72DE9F8439D
:102C100004460D4617469846E66A082E04D0012E53
:102C200002D016F5803F06D12068006840F480701D
:102C30002168086008E0206B122805D12068006830
:102C400040F48070216808603B4600224FF001117B
:102C50002046CDF8008000F06CF860B12068006874
:102C600000F48070B0F5807F02D14FF400702064D2
:102C70000320BDE8F8832069B0F5804F04D105F04A
:102C8000FE002168086112E005F44070F02141EA7D
:102C9000E0102168086143463A460B49204600F09F
:102CA000A7F808B10120E4E7E8B2216808614346CB
:102CB0003A460549891F204600F09AF808B10120DC
:102CC000D7E70020D5E700000800010070B50446F2
:102CD0000D46164625E02046FFF779FF08B1012092
:102CE00070BD681CE8B1FEF7C5FA801BA84200D889
:102CF000BDB920684069C0F3800090B9002020630E
:102D0000202084F83D00002084F83E00206C40F034
:102D10002000206400BF002084F83C0000BF012098
:102D2000DEE720684069C0F380000028D3D000208F
:102D3000D6E72DE9F04104460D4617461E46DDF85C
:102D4000188038E0701CA8B3FEF794FAA0EB0800D6
:102D5000B04200D876BBC5F3074001280AD12068ED
:102D60004069A9B20840A9B2884201D101200BE014
:102D7000002009E020688069A9B20840A9B2884211
:102D800001D1012000E00020B84214D100202063CE
:102D9000202084F83D00002084F83E00206C40F0A4
:102DA0002000206400BF002084F83C0000BF012008
:102DB000BDE8F081FFE7C5F3074001280AD120688C
:102DC0004069A9B20840A9B2884201D101200BE0B4
:102DD000002009E020688069A9B20840A9B28842B1
:102DE00001D1012000E00020B842ABD00020DFE795
:102DF0002DE9F04104460D4616461F4658E020686E
:102E00004069C0F38020E8B12068006840F4007099
:102E1000216808606FF480602168486100202063A9
:102E2000202084F83D00002084F83E00206C40F013
:102E30000400206400BF002084F83C0000BF012093
:102E4000BDE8F081701C90B3FEF714FAC01BB042CD
:102E500000D866BBC5F3074001280AD12068406945
:102E6000A9B20840A9B2884201D101200BE000209C
:102E700009E020688069A9B20840A9B2884201D15E
:102E8000012000E0002090B900202063202084F879
:102E90003D00002084F83E00206C40F020002064BB
:102EA00000BF002084F83C0000BF0120C8E7FFE716
:102EB000C5F3074001280AD120684069A9B208403B
:102EC000A9B2884201D101200BE0002009E020686E
:102ED0008069A9B20840A9B2884201D1012000E06E
:102EE000002000288BD00020AAE770B504460D46CC
:102EF000164625E02046FFF76AFE08B1012070BDA6
:102F0000681CE8B1FEF7B6F9801BA84200D8BDB92D
:102F100020684069C0F3C01090B9002020632020D1
:102F200084F83D00002084F83E00206C40F0200032
:102F3000206400BF002084F83C0000BF0120DEE7D1
:102F400020684069C0F3C0100028D3D00020D6E725
:102F500001460D2901DB002070470548405C20B187
:102F60000020034A50540120F6E70020F4E7000057
:102F7000B308002070B5002432E01B4A02EBC40203
:102F80009188194A52F83400FEF766F906460EB9E0
:102F9000012000E0002005461448005DA8421AD038
:102FA0001348005DFF2804DA1148005D401C1049F9
:102FB00008550F48005D032810DB0C49085D0D55CE
:102FC00000210B4A115528B90849095D012901D191
:102FD000084A115502E0002005490855601CC4B29A
:102FE0000D2CCADB70BD0000B09D000899080020C0
:102FF000A6080020B30800201FB500200090019013
:10300000029003902648274908604FF480304860BA
:10301000002124488160012101610176002180F8AE
:103020002010C162204981620021C1600421C16178
:10303000012180F830104161FDF742FC08B1FDF735
:1030400071FB062000900120019004200290694647
:103050001448FDF76BFB08B1FDF764FB07200090F7
:103060000220019069460F48FDF760FB08B1FDF7AB
:1030700059FB002000900320019069460948FDF7A4
:1030800055FB08B1FDF74EFB012000900420019094
:1030900069460448FDF74AFB08B1FDF743FB1FBD35
:1030A00000200140D00000200100000F08B500BF43
:1030B000002000901A48006840F480001849086019
:1030C0000846006800F48000009000BF00BF00BF09
:1030D000002000900846006840F400100860084690
:1030E000006800F40010009000BF00BF002205211E
:1030F0001020FEF7C3FB1020FEF7ACFB00220521D9
:103100003820FEF7BBFB3820FEF7A4FB0022052188
:103110004620FEF7B3FB4620FEF79CFB08BD0000EF
:103120003038024010B5104802F097FD0F4B0022D6
:1031300001210F4802F0D4FC0E4908600E4A00211C
:103140000E4802F071FC0E4908600E4A00210E483C
:1031500002F06AFC0D4908600D4A00210D4802F09A
:1031600063FC0D49086010BDC00A0020187D0008EE
:10317000E50500080C000020AC7C0008B1580008F0
:1031800000000020D07C000809570008040000203F
:10319000F47C0008214900080800002000B587B031
:1031A000142102A8FDF7B8F800BF00200190504894
:1031B000006840F010004E4908600846006800F0C2
:1031C0001000019000BF00BF00BF00200190084622
:1031D000006840F0800008600846006800F0800049
:1031E000019000BF00BF00BF0020019008460068AA
:1031F00040F0040008600846006800F004000190F8
:1032000000BF00BF00BF002001900846006840F0EA
:10321000010008600846006800F00100019000BF4E
:1032200000BF00BF002001900846006840F0080081
:1032300008600846006800F00800019000BF00BF69
:1032400000BF002001900846006840F002000860BE
:103250000846006800F00200019000BF00BF002295
:1032600020212448FEF700F8012211462248FDF7EC
:10327000FBFF0620029000200390049002A91E4844
:10328000FDF7F0FE0C20029000200390049002A9AC
:103290001848FDF7E7FE202002900120039000204F
:1032A0000490059002A91348FDF7DCFE4FF43E4060
:1032B0000290002003900120049002A90F48FDF71E
:1032C000D1FE4FF41840029000200390012004909A
:1032D00002A90B48FDF7C6FE0120029003900020D2
:1032E0000490059002A90448FDF7BCFE07B000BD9C
:1032F000303802400008024000100240000C02403A
:103300000000024010B50B480B4908600B484860AC
:10331000002109488160C1604FF4804101610021B2
:1033200041618161C1610162FDF7AAFF08B1FDF74A
:10333000F9F910BD0054004078010020A08601007A
:1033400010B50B480B4908600B484860002109483C
:103350008160C1604FF48041016100214161816160
:10336000C1610162FDF78CFF08B1FDF7DBF910BD0B
:10337000005C0040CC010020A086010000B587B0B1
:10338000002003900490059006900190029014484C
:1033900014490860A720486000211248816040F26B
:1033A000E731C160002101618161FEF7C3FE08B110
:1033B000FDF7B8F94FF48050039003A90948FEF7D0
:1033C00065FF08B1FDF7AEF900200190029001A958
:1033D0000448FEF755FE08B1FDF7A4F907B000BD9B
:1033E000000400402002002010B50B480B49086083
:1033F0004FF4E1304860002108488160C1600161FC
:103400000C21416100218161C161FFF723FA08B1FC
:10341000FDF788F910BD000000100140680200208F
:1034200010B50B480B4908604FF4E13048600021AB
:1034300008488160C16001610C2141610021816106
:10344000C161FFF707FA08B1FDF76CF910BD000084
:1034500000440040B002002000BFFEE7F8B500F0D5
:1034600021FE00242CE01C4800782044C5B2052D24
:1034700000D32CE0194800786043C6B2184850F8D1
:10348000357018480078854211D10020009013480B
:10349000037880223146002000F0D8FB01200F4B3A
:1034A0003A4631460090002000F052FE06E000202F
:1034B0000A4B3A463146009000F04AFE601CC4B206
:1034C00006480078402191FBF0F0A042CBDC00BF21
:1034D00001F0DAF9F8BD0000350000203C9C00083E
:1034E000889D000834000020F8B500F0E5FD0024B8
:1034F0002CE01C4800782044C5B2052D00D32CE0F8
:10350000194800786043C6B2184850F8357018481A
:103510000078854211D10020009013480378802262
:103520003146002000F0AEFB01200F4B3A463146F9
:103530000090002000F07CFE06E000200A4B3A4696
:103540003146009000F074FE601CC4B2064800785A
:10355000402191FBF0F0A042CBDC00BF01F0BAF9B2
:10356000F8BD00004A0000203C9C0008189E00089E
:103570004900002010B507480078401C0549087034
:1035800008460078052801D30020087000F0DEFA14
:1035900010BD00003400002010B507480078401C22
:1035A0000549087008460078052801D300200870F6
:1035B00000F000FB10BD00004900002010B50748D6
:1035C0000749097800EBC100406830B10349044A5B
:1035D000127801EBC2014868804710BD889D000841
:1035E0003400002010B507480749097800EBC100F6
:1035F000406830B10349044A127801EBC2014868BF
:10360000804710BD189E00084900002010B50748EB
:10361000007818B904200549087004E003480078D0
:10362000401E0249087000F091FA10BD34000020DD
:1036300010B50748007818B904200549087004E05F
:1036400003480078401E0249087000F0B3FA10BD2C
:103650004900002000200149087070473400002014
:1036600000200149087070474900002010B58AB059
:10367000002460E0FDF7FEFD001BC8280BD3FDF71A
:10368000F9FD044600222E48B0F900102D48B0F98B
:10369000000001F09BFF2B48B0F900202AA106A8EA
:1036A00001F036FE2648B0F9002027A102A801F05B
:1036B0002FFE00F0F7FC01200090244803784078AA
:1036C00000EB40004006020E0021102000F0BEFA80
:1036D000012000901D480378407800EB4000400630
:1036E000020E1021084600F0B1FA0020174B18A274
:1036F0000146009000F02CFD0020144B06AA014664
:103700000090102000F024FD0020104B11A2102189
:10371000009000F01DFD00200C4B02AA102100902B
:10372000084600F015FD01F0AFF80920FFF710FC86
:1037300000B101E000BF9DE700BF0AB010BD00006E
:103740002A00002028000020256400003C9C00087E
:10375000780000007900000000B589B04FE02A48E9
:10376000B0F9002029A105A801F0D2FD2848B0F940
:10377000002026A101A801F0CBFD00F09DFC012056
:10378000009024480378407800EB40004006020E89
:103790000021102000F076FA012000901D480378E7
:1037A000407800EB40004006020E1021084600F071
:1037B00069FA0020174B18A20146009000F038FD6E
:1037C0000020144B05AA01460090102000F030FDA7
:1037D0000020104B11A21021009000F029FD0020C4
:1037E0000C4B01AA10210090084600F021FD01F0C9
:1037F00071F80720FFF7ACFB00B101E000BFAEE7B6
:1038000000BF09B000BD00002C00002025640000AE
:103810002E0000203C9C0008780000007900000089
:1038200008B543E000F03EFC0020224B22A20146F6
:103830000090192000F08CFC00201E4B20A21821C3
:10384000009000F085FC00201A4B20A21821009067
:10385000502000F07DFC0020164B1FA2302100906C
:10386000192000F075FC01F00FF80020FFF770FB45
:1038700010B1012002F04AF80120FFF769FB10B1F6
:10388000082002F043F80220FFF762FB10B102208B
:1038900002F03CF80320FFF75BFB10B1042002F0BC
:1038A00035F80920FFF754FB00B100E0BAE700BF8C
:1038B00008BD00003C9C0008555020537465700002
:1038C00020E5898DE58D87200000000020E5898DA9
:1038D000E9998D2000000000444F574E2053746535
:1038E0007000000008B50FE000F0E6FB0020084B78
:1038F00008A20146009000F09BFC00F0EBFF0720BF
:10390000FFF726FB00B100E0EEE700BF08BD0000B6
:103910003C9C0008E6A8A1E5BC8F000010B586B06D
:1039200000243BE0FDF7A6FC001BC82809D3FDF7E7
:10393000A1FC04461B48B0F900200021084601F014
:1039400045FE1848B0F9002017A102A801F0E0FCDC
:1039500000F0A8FB0120009014480378407800EBA9
:1039600040004006020E0021102000F06FF90020F8
:103970000E4B0FA20146009000F0EAFB00200B4B1B
:1039800002AA01460090102000F0E2FB00F07CFF4C
:103990000920FFF7DDFA00B101E000BFC2E700BF78
:1039A00006B010BD2C000020256400003C9C0008DF
:1039B0007A00000008B50FE000F07EFB0020084B05
:1039C00008A20146009000F033FC00F083FF0720BE
:1039D000FFF7BEFA00B100E0EEE700BF08BD00004F
:1039E0003C9C0008E6A8A1E5BC8F000008B543E0B8
:1039F00000F058FB0020224B22A201460090192023
:103A000000F0A6FB00201E4B20A21821009000F021
:103A10009FFB00201A4B1FA218210090502000F09D
:103A200097FB0020164B1DA230210090192000F0BA
:103A30008FFB00F029FF0020FFF78AFA10B1102059
:103A400001F064FF0120FFF783FA10B1202001F09C
:103A50005DFF0220FFF77CFA10B1402001F056FF15
:103A60000320FFF775FA10B1802001F04FFF092005
:103A7000FFF76EFA00B100E0BAE700BF08BD000032
:103A80003C9C0008E58F96E59D970000E8A385E63D
:103A9000ADA60000E5898DE9998D0000E68A93E6E0
:103AA000ADA6000008B50FE000F006FB0020084BB3
:103AB00008A20146009000F0BBFB00F00BFF0720BE
:103AC000FFF746FA00B100E0EEE700BF08BD0000D6
:103AD0003C9C0008E6A8A1E5BC8F000008B50FE0FB
:103AE00000F0E0FA0020084B08A20146009000F028
:103AF0002FFB00F0C9FE0920FFF72AFA00B100E011
:103B0000EEE700BF08BD00003C9C0008E6A8A1E568
:103B1000BC8F000008B50FE000F0CEFA0020084B83
:103B200008A20146009000F083FB00F0D3FE0720BE
:103B3000FFF70EFA00B100E0EEE700BF08BD00009D
:103B40003C9C0008E6A8A1E5BC8F00001648007860
:103B5000402191FBF0F0052803D3002013490870A1
:103B600070471348007811490978884203DA1048F1
:103B700000780E4908700C480078402191FBF0F065
:103B80000A49097808440A49097888420ADC064843
:103B90000078402191FBF0F005490978081A401C93
:103BA0000249087000BFDBE73C9C0008350000209C
:103BB0003400002016480078402191FBF0F00528E1
:103BC00003D3002013490870704713480078114947
:103BD0000978884203DA104800780E4908700C48CA
:103BE0000078402191FBF0F00A49097808440A491D
:103BF000097888420ADC06480078402191FBF0F001
:103C000005490978081A401C0249087000BFDBE723
:103C10003C9C00084A0000204900002000BFFEE74D
:103C200010B58D2000F084FB142000F081FBAF2044
:103C300000F07EFB10BD10B58D2000F093FB14202A
:103C400000F090FBAF2000F08DFB10BD2DE9F84394
:103C500006460D4617469846DDF8209000240DE0F4
:103C60002819C3B2F019401EC2B22819C1B2304699
:103C7000CDF8009000F022F8601CC4B24445EFDBA0
:103C8000BDE8F8832DE9F84306460D4617469846E9
:103C9000DDF8209000240DE02819C3B2F019401E71
:103CA000C2B22819C1B23046CDF8009000F0ACF88D
:103CB000601CC4B24445EFDBBDE8F8832DE9FE4F3C
:103CC00004460D4616461F46B44213D1BD4203DDDD
:103CD0004C4805703D460778A84608E04146204616
:103CE0000C9A00F049FD08F1010000F0FF08B8450A
:103CF000F4DD84E0BD4213D1B44203DD41480470D9
:103D000034460678A04608E0294640460C9A00F062
:103D100033FD08F1010000F0FF08B045F4DD6EE06E
:103D2000A6EB0408A7EB0509B8F1000F01DD01209F
:103D300000E000200121C1EB40000290B9F1000F2A
:103D400001DD012000E000200121C1EB40000190D5
:103D5000A34600954FF0000AB8F1000001DB0146D0
:103D600000E041420FFA81F8B9F1000001DB0146A1
:103D700000E041420FFA81F9C8451FDDA3461AE071
:103D8000009AD1B20BF0FF000C9A00F0F5FC0AEBA0
:103D900009000FFA80FAB8EB4A0F08DCDDE90001F0
:103DA000084400B20090AAEB08000FFA80FA0298CB
:103DB00058440FFA80FBB345E2D11FE000951AE0AA
:103DC000009AD1B20BF0FF000C9A00F0D5FC0AEB80
:103DD00008000FFA80FAB9EB4A0F07DC0298584442
:103DE0000FFA80FBAAEB09000FFA80FADDE9000167
:103DF000084400B200900098B842E1D100BFBDE88D
:103E0000FE8F0000330000202DE9FE4F04460D46D2
:103E100016461F46B44213D1BD4203DD4C4805701F
:103E20003D460778A84608E0414620460C9A00F037
:103E3000E7FC08F1010000F0FF08B845F4DD84E07C
:103E4000BD4213D1B44203DD4148047034460678C4
:103E5000A04608E0294640460C9A00F0D1FC08F143
:103E6000010000F0FF08B045F4DD6EE0A6EB0408A9
:103E7000A7EB0509B8F1000F01DD012000E00020EB
:103E80000121C1EB40000290B9F1000F01DD0120DA
:103E900000E000200121C1EB40000190A346009505
:103EA0004FF0000AB8F1000001DB014600E041429A
:103EB0000FFA81F8B9F1000001DB014600E0414250
:103EC0000FFA81F9C8451FDDA3461AE0009AD1B266
:103ED0000BF0FF000C9A00F093FC0AEB09000FFABC
:103EE00080FAB8EB4A0F08DCDDE90001084400B2B3
:103EF0000090AAEB08000FFA80FA029858440FFAD3
:103F000080FBB345E2D11FE000951AE0009AD1B2E0
:103F10000BF0FF000C9A00F073FC0AEB08000FFA9C
:103F200080FAB9EB4A0F07DC029858440FFA80FB7D
:103F3000AAEB09000FFA80FADDE90001084400B29B
:103F400000900098B842E1D100BFBDE8FE8F0000AC
:103F50004E00002010B5AE2000F0EAF9022000F07B
:103F6000E7F9102000F0E4F9402000F0E1F9B0207A
:103F700000F0DEF9812000F0DBF9CF2000F0D8F965
:103F8000A12000F0D5F9A62000F0D2F9A82000F079
:103F9000CFF93F2000F0CCF9AD2000F0C9F98B201B
:103FA00000F0C6F9332000F0C3F9C82000F0C0F9D2
:103FB000D32000F0BDF9002000F0BAF9D52000F0C0
:103FC000B7F9C02000F0B4F9D92000F0B1F91F20F2
:103FD00000F0AEF9DA2000F0ABF9122000F0A8F9F9
:103FE000DB2000F0A5F9402000F0A2F900F05AF81B
:103FF00000F04AFCAF2000F09BF910BD10B5AE20D8
:1040000000F0B0F9022000F0ADF9102000F0AAF99C
:10401000402000F0A7F9B02000F0A4F9812000F0C2
:10402000A1F9CF2000F09EF9A12000F09BF9A62075
:1040300000F098F9A82000F095F93F2000F092F9DF
:10404000AD2000F08FF98B2000F08CF9332000F0C8
:1040500089F9C82000F086F9D32000F083F9002008
:1040600000F080F9D52000F07DF9C02000F07AF949
:10407000D92000F077F91F2000F074F9DA2000F061
:1040800071F9122000F06EF9DB2000F06BF940208E
:1040900000F068F900F010F800F01CFCAF2000F010
:1040A00061F910BD10B54FF480610248FCF734F996
:1040B00010BD00001804002010B54FF480610248C4
:1040C000FCF72AF910BD0000160B00202DE9FC4377
:1040D0000746884615461C46DDF824902078CDE931
:1040E00000092078C61DF01706EB5070C0106178EB
:1040F00010FB01F1A5F12000D4F804C000FB01C2BF
:1041000063784146384600F021FABDE8FC832DE98A
:10411000FC430746884615461C46DDF82490207867
:10412000CDE900092078C61DF01706EB5070C010CD
:10413000617810FB01F1A5F12000D4F804C000FB68
:1041400001C263784146384600F04DFABDE8FC8371
:104150002DE9FF4F85B0804617461C46DDF8489094
:1041600000262178C81DC11700EB5171C910627873
:1041700011FB02F1091DC9B2049152E00020039025
:10418000B81901F089F8054605B94DE04FF0000B6C
:1041900020E0616804980BFB001AB8192A465146C2
:1041A000FCF7C5F890B92078CDE9000963780AF1E9
:1041B00004024046069900F0C9F96078404400F0D6
:1041C000FF08701986B20120039006E00BF1010090
:1041D00000F0FF0B207A5845DBDC00BF039800BBE2
:1041E000012D0FD1CDF80090BA5DE36840460699E5
:1041F000FFF76CFFE0684078404400F0FF0870195A
:1042000086B20EE0CDF800902022E3684046069981
:10421000FFF75CFFE0684078404400F0FF08701949
:1042200086B2B85D0028A9D100BF09B0BDE8F08F03
:104230002DE9FF4F85B0804617461C46DDF84890B3
:1042400000262178C81DC11700EB5171C910627892
:1042500011FB02F1091DC9B2049152E00020039044
:10426000B81901F037F8054605B94DE04FF0000BDD
:1042700020E0616804980BFB001AB8192A465146E1
:10428000FCF755F890B92078CDE9000963780AF178
:1042900004024046069900F0A6F96078404400F018
:1042A000FF08701986B20120039006E00BF10100AF
:1042B00000F0FF0B207A5845DBDC00BF039800BB01
:1042C000012D0FD1CDF80090BA5DE3684046069904
:1042D000FFF71DFFE0684078404400F0FF087019C8
:1042E00086B20EE0CDF800902022E36840460699A1
:1042F000FFF70DFFE0684078404400F0FF087019B8
:1043000086B2B85D0028A9D100BF09B0BDE8F08F22
:1043100038B504460D464FF0FF302B462246782133
:1043200000900248FDF794F838BD0000CC01002051
:1043300010B50446024844700221FFF7E9FF10BDA2
:104340003000002038B504460D464FF0FF302B46B4
:104350002246782100900248FDF77AF838BD000027
:104360007801002010B50446024844700221FFF78E
:10437000E9FF10BD4B0000202DE9FC4380460C46B0
:1043800016461F462046E11704EB5171C1F3C709D9
:104390002046E11704EB5171C910A4EBC101CDB265
:1043A0000720CDE9000706FA05F0C2B22B464146C8
:1043B000484600F065F975B1681EC0B2C5F1080144
:1043C00046FA01F209F10101CDE90007C8B2002364
:1043D000414600F055F9BDE8FC832DE9FC478146D4
:1043E0000C4616461F46DDF828802046E11704EBF0
:1043F0005171C1F3C70A2046E11704EB5171C9108E
:10440000A4EBC101CDB2E81908281BDD0720CDE9D6
:10441000000806FA05F0C2B22B464946504600F0A5
:104420002FF978190938C0B2C5F1080146FA01F22E
:104430000AF10101CDE90008C8B20023494600F0A5
:104440001FF90CE0E819401EC0B2CDE9000806FAD9
:1044500005F0C2B22B464946504600F011F9BDE8BE
:10446000FC872DE9FC4781460C4616461F46DDF8C1
:1044700028802046E11704EB5171C1F3C70A20469A
:10448000E11704EB5171C910A4EBC101CDB2E819D9
:1044900008281BDD0720CDE9000806FA05F0C2B2A6
:1044A0002B464946504600F029F978190938C0B220
:1044B000C5F1080146FA01F20AF10101CDE900084F
:1044C000C8B20023494600F019F90CE0E819401E73
:1044D000C0B2CDE9000806FA05F0C2B22B46494643
:1044E000504600F00BF9BDE8FC872DE9FC438046FF
:1044F0000C4616461F462046E11704EB5171C1F3E6
:10450000C7092046E11704EB5171C910A4EBC101A2
:10451000CDB20720CDE9000706FA05F0C2B22B465E
:104520004146484600F0EAF875B1681EC0B2C5F1D0
:10453000080146FA01F209F10101CDE90007C8B20C
:104540000023414600F0DAF8BDE8FC832DE9FC4F7A
:1045500081468A4693461D460B9C2046E11704EB94
:104560005171C1F3C707E11704EB5171C910A4EBF6
:10457000C101C9B201914FF0000816E000260EE01B
:1045800006FB05831BF803200AEBC603D9B209EB2F
:104590000803D8B20C9BFFF7EFFE701CC6B2BE42F8
:1045A000EEDB08F1010000F0FF08A845E6DB01980A
:1045B000B8B105FB07F8002610E00C9808EB0603DD
:1045C00000901BF803200AEBC703D9B209EB0603DE
:1045D000D8B2019BFFF701FF701CC6B2AE42ECDB04
:1045E00000BFBDE8FC8F2DE9FC4F81468A4693460B
:1045F0001D460B9C2046E11704EB5171C1F3C70720
:10460000E11704EB5171C910A4EBC101C9B20191CA
:104610004FF0000816E000260EE006FB05831BF8AD
:1046200003200AEBC603D9B209EB0803D8B20C9BEE
:10463000FFF75BFF701CC6B2BE42EEDB08F1010063
:1046400000F0FF08A845E6DB0198B8B105FB07F8C4
:10465000002610E00C9808EB060300901BF80320DE
:104660000AEBC703D9B209EB0603D8B2019BFFF7E7
:10467000F8FE701CC6B2AE42ECDB00BFBDE8FC8F9A
:10468000F0B5DDE90545082801DA802900DBF0BD39
:104690000DB1D643F2B2661CFF2707FA06F61643A1
:1046A000C3F1080C47FA0CF73E43124F3E70124E0E
:1046B00006EBC016765C3F783E400F4F07EBC01705
:1046C0007E54661CFF27B74022EA0706C3F1080C98
:1046D000FF2747FA0CF7BE43064F3E70064E06EB27
:1046E000C016765C3F783E43034F07EBC0177E54FD
:1046F00000BFCCE73200002018040020F0B5DDE94F
:104700000545082801DA802900DBF0BD0DB1D6434C
:10471000F2B2661CFF2707FA06F61643C3F1080C2F
:1047200047FA0CF73E43124F3E70124E06EBC0168E
:10473000765C3F783E400F4F07EBC0177E54661CF7
:10474000FF27B74022EA0706C3F1080CFF2747FA04
:104750000CF7BE43064F3E70064E06EBC016765C65
:104760003F783E43034F07EBC0177E5400BFCCE7B2
:104770004D000020160B0020F0B503461446802B98
:1047800001DA402900DBF0BDDCB9CD1701EB55752E
:10479000ED101A4E06EBC515ED5C0A46CE1701EB7F
:1047A0005676F610A1EBC6070126BE4035430846F3
:1047B000CE1701EB5676F610104F07EBC616F554E0
:1047C0001AE0CD1701EB5575ED100C4E06EBC51533
:1047D000ED5C0A46CE1701EB5676F610A1EBC60744
:1047E0000126BE40B5430846CE1701EB5676F610BB
:1047F000024F07EBC616F55400BFC4E718040020AB
:10480000F0B503461446802B01DA402900DBF0BDE9
:10481000DCB9CD1701EB5575ED101A4E06EBC51539
:10482000ED5C0A46CE1701EB5676F610A1EBC607F3
:104830000126BE4035430846CE1701EB5676F610EA
:10484000104F07EBC616F5541AE0CD1701EB55755E
:10485000ED100C4E06EBC515ED5C0A46CE1701EBCC
:104860005676F610A1EBC6070126BE40B5430846B2
:10487000CE1701EB5676F610024F07EBC616F5542D
:1048800000BFC4E7160B002010B540200F49087088
:10489000002418E004F1B001C8B2FFF749FD02207E
:1048A000FFF746FD1020FFF743FD094800EBC41158
:1048B00080220648401CFBF716FD81210348FFF7C4
:1048C00027FD601CC4B2082CE4DB10BD18080020D2
:1048D0001804002010B540200F490870002418E08B
:1048E00004F1B001C8B2FFF73DFD0220FFF73AFD29
:1048F0001020FFF737FD094800EBC411802206485D
:10490000401CFBF7F0FC81210348FFF71BFD601CF6
:10491000C4B2082CE4DB10BD160F0020160B0020DB
:1049200000BF01F0EFFF012001F028F8F9E710B512
:104930004FF0E020006902F00FFF012801D002F0E3
:1049400059FB10BD00B593B0302107A8FBF7E4FC7C
:10495000142102A8FBF7E0FC00BF002001902448CE
:10496000006840F08050224908600846006800F066
:104970008050019000BF00BF00BF002001901D4883
:10498000006840F480401B4908600846006800F455
:104990008040019000BF00BF0120079000040890F4
:1049A00002200D9041050E9108210F91A821109130
:1049B000022111910421129107A8FDF711F908B104
:1049C000FBF7B0FE0F20029002200390002004901D
:1049D0004FF4A05005904FF480500690052102A896
:1049E000FCF79EFF08B1FBF79DFE13B000BD000071
:1049F00040380240007000400348006840F47000F6
:104A0000014908607047000088ED00E010B50248D9
:104A1000FDF7C3FC10BD0000B803002010B502482C
:104A2000FDF7BBFC10BD00002002002010B502689D
:104A30002B4B98420ED0B0F1804F0BD0294B9842AF
:104A400008D0294B984205D0284B984202D0284BD9
:104A5000984203D122F070024B681A43204B9842CF
:104A600020D0B0F1804F1DD01E4B98421AD01E4B63
:104A7000984217D01D4B984214D01D4B984211D02C
:104A80001C4B98420ED01C4B98420BD01B4B9842AB
:104A900008D01B4B984205D01A4B984202D01A4BB3
:104AA000984203D122F44072CB681A4322F080036B
:104AB0004C6943EA04028B68C3620B688362084B4B
:104AC000984202D00A4B984201D10B6903630368F4
:104AD00043F00403036001234361026010BD000042
:104AE000000001400004004000080040000C0040AD
:104AF00000040140004001400044014000480140E2
:104B000000180040001C00400020004030B50C465A
:104B1000816821F47F4142EA0325254329438160CE
:104B200030BD0A46816821F0700142F00703194345
:104B30008160704730B50B461446026A056A25F05D
:104B400001050562816921F0F00141EA041122F0BA
:104B50000A021A438161026230BD30B50B46144629
:104B6000026A056A25F010050562816921F4704129
:104B700041EA043122F0A00242EA0312816102629A
:104B800030BD70B50546284601F056FE044614B106
:104B9000D4E90010884770BD70B50446A56B0020AD
:104BA000E8852846FDF7C6FC70BD70B506460025B1
:104BB000B46B20684069C0F3C01594F84100212807
:104BC00005D125B10020E084204600F0FBF82068E4
:104BD0004069C0F3801594F84200222805D125B120
:104BE0000020E085204600F0A7F8606C40F010003F
:104BF00060642046FDF79EFC70BD70B50546AC6B49
:104C00002868006800F48070002842D1E08500BF69
:104C100000BF21680C3151E8001F21F48070216829
:104C20000C3141E80002002AF3D100BF00BF00BFF1
:104C30002168143151E8001F21F00100216814316E
:104C400041E80002002AF3D100BF00BF00BF216885
:104C5000143151E8001F21F040002168143141E86F
:104C60000002002AF3D100BF202084F84200206B0C
:104C700001280ED100BF00BF21680C3151E8001F90
:104C800021F0100021680C3141E80002002AF3D124
:104C900000BF00206063206B012804D1A18D204655
:104CA000FDF747FC02E02046FDF71CFF70BD70B524
:104CB0000546AC6B01206063206B012805D1A08DF7
:104CC00041082046FDF735FC02E02046FDF716FFBF
:104CD00070BD70B50546AC6B2868006800F4807044
:104CE000F8B90020E08400BF00BF2168143151E80A
:104CF000001F21F080002168143141E80002002AE1
:104D0000F3D100BF00BF00BF21680C3151E8001F84
:104D100041F0400021680C3141E80002002AF3D143
:104D200002E02046FDF744FF70BD70B50446A56B58
:104D30002846FDF749FF70BD00BF00BF02680C3276
:104D400052E8002F22F4907102680C3242E80013FE
:104D5000002BF3D100BF00BF00BF0268143252E83D
:104D6000002F22F001010268143242E80013002BE8
:104D7000F3D100BF016B01290ED100BF00BF026853
:104D80000C3252E8002F22F0100102680C3242E887
:104D90000013002BF3D100BF202180F84210002126
:104DA0000163704710B504462068C06820F04000D9
:104DB0002168C860202084F841002046FDF7F8FEF5
:104DC000002010BD00BF00BF02680C3252E8002F67
:104DD00022F0C00102680C3242E80013002BF3D12C
:104DE00000BF202180F841107047F8B50446002527
:104DF000002694F84200222873D1A068B0F5805FA5
:104E00000BD1206948B9A66A20684068C0F3080041
:104E10003080A06A801CA06214E0A56AA068B0F58A
:104E2000805F03D0A06828B9206918B9206840685D
:104E3000287004E02068406800F07F002870A06AB5
:104E4000401CA062E08D401E80B2E085002846D163
:104E50002068C06820F020002168C8602068C06811
:104E600020F480702168C8602068406920F001004B
:104E700021684861202084F8420000206063206B94
:104E8000012826D10020206300BF00BF21680C311B
:104E900051E8001F21F0100021680C3141E80002A8
:104EA000002AF3D100BF2068006800F0100010282D
:104EB0000AD100BF002000902068006800902068A0
:104EC0004068009000BF00BFA18D2046FDF731FB78
:104ED00002E02046FDF706FE0020F8BD01E00020BC
:104EE000FBE70220F9E700002DE9F84F04462068AF
:104EF000006920F44050E168084321680861216995
:104F0000A068084361690843E1690843009020688C
:104F1000C06849F20C618843009908432168C86061
:104F20002068406920F44070A16908432168486105
:104F300076492068884203D075492068884203D1A9
:104F4000FCF7E8FD814602E0FCF7D4FD8146E0690C
:104F5000B0F5004F6CD102206168A0FB0150034600
:104F60001920A9FB007001462A463846FBF78AF94A
:104F70006421B0FBF1F04FEA001A02206168A0FB47
:104F800001510B461920A9FB00712A463846FBF750
:104F900079F9834602206168A0FB0150034619207D
:104FA000A9FB00712A463846FBF76CF96421B0FB77
:104FB000F1F000EBC00101EB0010ABEB80003221FF
:104FC00001EBC0006421B0FBF1F000F0F8000AEB47
:104FD000400A02206168A0FB015003461920A9FB8A
:104FE000007001462A463846FBF74CF983460220FA
:104FF0006168A0FB015003461920A9FB00712A46F5
:105000003846FBF73FF96421B0FBF1F000EBC0013B
:1050100001EB0010ABEB8000322101EBC0006421FA
:10502000B0FBF1F000F007005044216888606AE0AE
:1050300004206168A0FB015003461920A9FB007001
:1050400001462A463846FBF71DF98246042061686E
:10505000A0FB015003461920A9FB007001462A4617
:105060003846FBF70FF96421B0FBF1F000EBC0010B
:1050700001EB0010AAEB8000322101EB001064214B
:10508000B0FBF1F000F0F00A04206168A0FB0170B1
:1050900003461920A9FB00513A462846FBF7F2F8CF
:1050A0006421B0FBF1F00AEB001A04206168A0FB58
:1050B00001510B461920A9FB00712A463846FBF71F
:1050C000E1F8834604206168A0FB015003461920E3
:1050D000A9FB007001462A463846FBF7D3F8642145
:1050E000B0FBF1F000EBC00101EB0010ABEB800076
:1050F000322101EB00106421B0FBF1F000F00F0051
:10510000504421688860BDE8F88F0000001001401D
:105110000014014077B581B0044615460298A0629C
:10512000A58500206064222084F842002C48E16BB1
:10513000C8632C48E16B08642B48E16BC86400200D
:10514000E16B086502AE32682368191D2B46E06BDF
:10515000FBF72AFF38B110206064202084F8420059
:10516000012004B070BD00BF0020009020680068DE
:10517000009020684068009000BF00BF206970B1B7
:1051800000BF00BF21680C3151E8001F41F480705E
:1051900021680C3141E80002002AF3D100BF00BFB2
:1051A00000BF2168143151E8001F41F0010021685F
:1051B000143141E80002002AF3D100BF00BF00BF54
:1051C0002168143151E8001F41F04000216814317A
:1051D00041E80002002AF3D100BF0020C1E700002F
:1051E000FB4B0008AF4C0008AB4B0008014691F8A0
:1051F0004100212828D18868B0F5805F0BD108696B
:1052000048B90A6A1088C0F308000B685860086A39
:10521000801C086205E00B6A581C086218780B684D
:105220005860C88C401E80B2C88458B90868C068ED
:1052300020F080000B68D8600868C06840F040002B
:105240000B68D860002070470220FCE710B50248C8
:10525000FDF77CF910BD00006802002008B50C487D
:1052600000680068C0F3001070B100BF002000901B
:105270000748006800680090054800684068009092
:1052800000BF00BF01F004FB0148FDF75FF908BD56
:10529000B002002000BFFEE70146087800F0800061
:1052A00008B901207047087800F0E000C02801D15B
:1052B0000220F7E7087800F0F000E02801D1032091
:1052C000F0E7087800F0F800F02801D10420E9E7C1
:1052D0000020E7E70146087800F0800008B90120C7
:1052E0007047087800F0E000C02801D10220F7E7FD
:1052F000087800F0F000E02801D10320F0E70878FA
:1053000000F0F800F02801D10420E9E70020E7E7E9
:105310000FB4084B10B504A902AA039800F03AF89C
:10532000044602A9002000F0DFF8204610BC5DF81A
:1053300014FB0000E954000802480068C0F3022092
:10534000704700000CED00E010B5002804DB0A07F0
:10535000130E054A135406E00A07140E034A00F020
:105360000F031B1FD45410BD00E400E018ED00E053
:10537000EFF30580704702E008C8121F08C1002A39
:10538000FAD170477047002001E001C1121F002AC6
:10539000FBD170472DE9FF4F89B09B46044600259D
:1053A00006E025280BD05A460B999047641C6D1CCB
:1053B00020780028F5D10DB02846BDE8F08F0027F1
:1053C000B8460122474900E0074314F8013F203B5B
:1053D00002FA03F00842F7D120782E2819D114F8E8
:1053E000010F47F004072A280ED06FF02F02207813
:1053F000A0F1300109290CD808EB880102EB41012A
:1054000000EB0108641CF2E70A98641C50F8048B56
:105410000A9020780028CED0642808D0692806D0C9
:1054200075281ED05A460B9990476D1C58E00A9972
:105430004FF00A0901C90A91002802DA40422D21E1
:1054400002E0390504D52B218DF82010012103E05D
:10545000F90704D02021F7E78A4608AE0DE00021C5
:10546000FAE70A994FF00A0901C90A91F7E7494694
:10547000FAF76AFF303106F8011D0028F7D1ADEBCD
:10548000060000F12009780701D44FF00108C84553
:1054900002DDA8EB090000E000208046002706E0BE
:1054A00008A85A46C05D0B9990476D1C7F1C574554
:1054B000F6DB04E030205A460B9990476D1CB8F19A
:1054C0000001A8F10108F5DC05E016F8010B5A46C9
:1054D0000B9990476D1CB9F10001A9F10109F4DCA9
:1054E000641C65E7092801000A68531C0B601070F2
:1054F000704730B502460B464FF6FF70002117E0AB
:10550000545C80EA042000240EE000F400452DB134
:1055100041F2210585EA4005A8B203E04FF6FF7588
:1055200005EA4000651CECB2082CEEDB4C1CA1B275
:105530009942E5DB30BD00000CB5042A13D1CB78CD
:105540008DF800308B788DF801304B788DF8023073
:105550000B788DF80330009B01939DED010A024BFF
:1055600083ED000A00BF0CBD3C00002010B50349CC
:10557000098808B2024900F021F910BD200000207E
:105580000004002010B50349898808B2024900F0E0
:1055900015F910BD200000200004002010B50349BB
:1055A000498808B2024900F009F910BD2000002026
:1055B0000C04002010B50349C98808B2024900F064
:1055C00045F910BD200000200C0400202DE9F04119
:1055D00004460D4616461C48007818B14FF0FF30BF
:1055E000BDE8F081AA201949087055204870184874
:1055F0000078887016480078401C154908701349D7
:10560000CC70200A08714D71280A8871CE71300A59
:105610000872002048720A210C48FFF76AFF07460B
:105620000A498F72380AC8720120074908700C2293
:1056300006490848FDF76EFA20B1002002490870BB
:10564000C01ECDE70020CBE740000020060B002065
:1056500047000020680200202DE9F0474FF0C809FC
:1056600000240025002600273220FBF7E7FCA04697
:1056700012E02248008804442048408805441F481E
:10568000808806441D48C08807440220FBF7D6FCEA
:1056900008F101001FFA80F8B8F1C80FE9DBC82053
:1056A000B4FBF0F000B216490880C820B5FBF0F05A
:1056B00000B214490880C820B6FBF0F000B21049CF
:1056C000C880C820B7FBF0F000B20E49C8804FF484
:1056D00002600B49488088804FF4FA60094948808D
:1056E00088804FF402600649088148814FF4FA60CF
:1056F000044908814881BDE8F087000020000020AF
:10570000000400200C04002000BFFFF72FFF094910
:105710000880FFF743FF08490880FFF733FF074978
:105720000880FFF747FF06490880012000F026F9AE
:10573000EBE70000280000202A0000202C000020B9
:105740002E000020FBF7E4FFFFF7FCF8FDF726FD35
:10575000FDF7ACFCFDF7F4FDFDF710FEFDF74CFC8A
:10576000FDF75EFEFDF740FEFDF7CCFD1048FCF7AF
:1057700039FD1420FBF762FCFEF7ECFBFEF750FA54
:10578000FEF73CFCFEF757FAFDF764FFFDF768FFF4
:10579000042208490848FBF729F9FFF75DFF00F0EC
:1057A000FDF8FDF7BFFC00F00FF900BFFEE70000B9
:1057B0002002002020000020D00000202DE9F0472A
:1057C00080460A46B2F90000A8EB000111F1500F23
:1057D00004DD502902DA0020BDE8F087002905DD4C
:1057E0000126B2F90230A1F1500506E04FF0FF3674
:1057F000B2F904304842A0F15005512B00DC51238E
:10580000A3F1500940F6B830684390FBF9F740F631
:10581000B830874200DD074607FB07F040F6B83A8C
:1058200090FBFAFC5046844500DD844606FB0CF4F0
:1058300040F6B830844200DD04460348844200DA72
:10584000044620B2C8E7000048F4FFFF30B5034625
:105850000A46B2F90600191A11F1500F03DD50295A
:1058600001DA002030BD002910DDA1F150004FF415
:105870007A756843B2F90850503D90FBF5F4B4F5E1
:105880007A7F01DD4FF47A7420B2EBE701F150002A
:105890004FF47A756843B2F90A50503D90FBF5F425
:1058A00014F57A7F00DA014C20B2DBE718FCFFFF29
:1058B00000BF0820FDF74CFB08B1FDF7A7FE0C2048
:1058C000FDF746FB08B1FDF755FE0920FDF740FB4B
:1058D00008B1FDF773FE0420FDF73AFB08B1FDF7B0
:1058E000A7FE0620FDF734FB08B1FDF755FE0520A5
:1058F000FDF72EFB08B1FDF775FEFDF7AFFDFDF7D7
:10590000F3FD0A2000F03AF8D3E7000070B5054631
:105910001648007810B14FF0FF3070BDAA2014492E
:105920000870562048701348007888701148007835
:10593000401C104908700E48C5700421FFF7D9FDBE
:1059400004460B490C71200A487101200749087070
:10595000062207490848FDF7DDF820B10020034979
:105960000870C01ED9E70020D7E7000040000020E3
:1059700041000020480000206802002070B5054664
:10598000FFF7F6FC10B16FF0050404E0002415B138
:10599000284601F053F9204670BD000010B5FFF70E
:1059A000E7FC10B16FF0050409E00648006820B973
:1059B000012004490860002401E04FF0FF34204634
:1059C00010BD0000A000002070B5FFF7D1FC10B1A1
:1059D0006FF005041FE011480068012819D100BFCD
:1059E000801F0021002804DB0A07130E0C4A135401
:1059F00006E00A07150E0B4A00F00F031B1FD554D3
:105A000000BF00BF02200549086001F093F900249F
:105A100001E04FF0FF34204670BD0000A0000020E0
:105A200000E400E018ED00E02DE9FF4780468946DC
:105A3000144600200390FFF79BFC00284ED1B8F1DC
:105A4000000F4BD0802618258246471E44B320689D
:105A500008B1D4F800A0A06900B1A5692DB1382D16
:105A600003D8207900F0010018B1002004B0BDE88F
:105A7000F087606908B160698608A06840B1E06895
:105A80005C2805D3206918B1606908B1012708E0D6
:105A9000A06830B9E06820B9206910B9002700E09B
:105AA0000027012F0CD12169A0684B463246CDE971
:105AB000005102905146404601F0F0FD03900DE088
:105AC00067B903A8B2B24B465146CDE900504046F3
:105AD00001F0B2FD012801D0002003900398C5E732
:105AE0002DE9FE4F0646894692461C46002002904C
:105AF000FFF73EFC00284BD1002E49D0082000F0D3
:105B0000F5FD0546002D43D02E60C5F804A0B9F17F
:105B1000000F01D1002700E001274FF0FF384FF0C0
:105B2000000B94B1206808B1D4F800B0A06828B187
:105B3000E0682C2802D34FF0010808E0A06830B9D3
:105B4000E06820B94FF0000801E04FF00008B8F11C
:105B5000010F0BD11049A0682B463A46CDE9001041
:105B60000121584601F0EBFF02900BE0B8F1000F65
:105B700008D109482B463A4601210090584601F0C9
:105B8000C3FF0290029818B915B1284600F078FFBB
:105B90000298BDE8FE8F0000834B00082DE9F0411C
:105BA00004460F469046002653E0BD5D2078062847
:105BB00049D2DFE800F00308151A2037FF2D01D184
:105BC0000120207042E0552D02D10220207006E015
:105BD000FF2D02D10120207001E00120207035E06E
:105BE000280260800320207030E0608828436080B5
:105BF000042020702AE025712079402802DD002051
:105C0000207023E000206071207908B9002000E0B6
:105C100005202070207920B922796088A11DFFF726
:105C20008BFC13E06179481C6071A01D45546079BC
:105C30002179884206DB22796088A11DFFF77CFC70
:105C40000020207002E00020207000BF00BF701C08
:105C500086B24645A9DBBDE8F08110B50446462171
:105C60002046FAF759FB0020207010BD2DE9F041C5
:105C700005460E461648076816480068001D00F0E5
:105C800055FE681C38B936B112480168091D124822
:105C900000F0A2FE1AE07C190E4800684460BC4285
:105CA00007D20C480168091D0C48006800F07AFE14
:105CB0000CE008480168091D0948006800F072FE00
:105CC00008480068844201D206480460BDE8F081BB
:105CD000640000205000002088140020580000209C
:105CE000540000208000002010B5044600F080FE23
:105CF00024480068401C234908602348006840B9D4
:105D0000214804600846006801280DD100F02AFAF5
:105D10000AE01E48006838B91B480068C06AE16A9A
:105D2000884201D81848046019480068401C184986
:105D300008600846006860641649E06A096888429D
:105D400002D91449E06A0860E16A01EB8101124A54
:105D500002EB8100211D00F03FFE00F073FE0B48B6
:105D6000006868B108480068C06AE16A884207D2E2
:105D70004FF0805009490860BFF34F8FBFF36F8F1A
:105D800010BD000060000020500000206C000020CA
:105D90007C00002068000020D80F002004ED00E007
:105DA00008B500F025FE12480068E8B9114800F077
:105DB000E9FD114800F0E6FD0E48104908600E4864
:105DC0000F49086000200F4B0F4A102100900A2055
:105DD00001F02AF9064908600846006820B10BA1C5
:105DE0000348006800F0EEFE00F02CFE08BD000045
:105DF000940000209C140020B01400208C0000208F
:105E000090000020C414002014150020546D72511D
:105E10000000000010B516E000F0EAFD0C48C06874
:105E2000C468201D00F082FD0A480068401E094930
:105E3000086009480068401E0749086000F002FE3B
:105E4000204600F05FF8044800680028E4D110BD47
:105E500074140020600000205C00002070B504462F
:105E60000D46206C70B1216CE0680144E160D4E91A
:105E70000210884201D32168E1602846226CE16863
:105E8000FAF731FA70BD2DE9F04104460F46154688
:105E90004FF00008A66B206C48B9206800282CD170
:105EA000A06801F011FD80460020A06025E07DB9CA
:105EB0003946226C6068FAF716FA216C606808446B
:105EC0006060D4E90101884217D32068606014E063
:105ED0003946226CE068FAF706FA216CE068411A4C
:105EE000E1602168E068884203D2216CA068411A11
:105EF000E160022D01D106B1761E701CA063404600
:105F0000BDE8F08110B5044694F8590030B9206B13
:105F100000F0B6FD204600F0B3FD1AE094F85900F9
:105F2000012803D1204600F0ABFD12E094F859009F
:105F3000022801D1012000E0002050B900BF50200C
:105F400080F31188BFF34F8FBFF36F8F00BF00BF87
:105F5000FEE710BD0146084A126812680AB901221C
:105F600000E000220A600A6822B9034A1268D26877
:105F7000106800E0002070478C00002030B54FF41E
:105F80007053174800F007042CB1C01D20F0070023
:105F9000134C041B1B1B0246124C22600024114DA3
:105FA0006C60D018083820F007000F4C20600024E7
:105FB0000D4D2D686C600C4D2D682C601146441AF7
:105FC0004C60094C24680C60084D4C682C60084DEE
:105FD0004C682C604FF00044064D2C6030BD000032
:105FE0006C1C0020A4000020AC000020B4000020A5
:105FF000B0000020C000002000BFFFF70BFF0648E4
:1060000000680128F9D94FF0805004490860BFF3B7
:106010004F8FBFF36F8FF0E7D80F002004ED00E043
:106020002DE9F04106460D4617469846069C0DB9E7
:10603000246000E02760E66325640121204601F02A
:1060400063F884F84C80BDE8F0812DE9F05F82466A
:106050000E4690469B460A9F0C9C4FEA8801A5225B
:10606000206BFAF752F9A8F10100216B01EB8009CE
:1060700029F0070909F0070008B9012000E0002015
:1060800050B900BF502080F31188BFF34F8FBFF38A
:106090006F8F00BF00BFFEE786B1002507E0715D8E
:1060A00004F134004155705D00B902E06D1C102D03
:1060B000F5D300BF00214320015502E0002084F801
:1060C0003400382F00D33727E762E76400202065CB
:1060D000201D00F064FC04F1180000F060FC246155
:1060E000C7F13800A06164620020606584F8580040
:1060F0005A465146484600F0B5FB20600B9808B15F
:106100000B980460BDE8F09F2DE9F04706460D4668
:1061100017469846DDE908940DB1012000E0002003
:1061200050B900BF502080F31188BFF34F8FBFF3E9
:106130006F8F00BF00BFFEE78CB1FFF731FE266016
:10614000A561C4F81C80C4F82090201D00F027FC35
:106150002FB194F8280040F0040084F82800BDE82E
:10616000F087000010B5002407E004EB84010F4A1B
:1061700002EB810000F006FC641C382CF5D30C48BF
:1061800000F000FC0B4800F0FDFB0B4800F0FAFBB0
:106190000A4800F0F7FB0A4800F0F4FB04480949FC
:1061A000086004480849086010BD0000D80F0020AE
:1061B000381400204C1400206014002074140020B7
:1061C00088140020540000205800002010B501461B
:1061D000164800E0006803688B42FBD30246436820
:1061E00013448B4204D143684C6823444360014606
:1061F0000A464B6813440468A34211D10C4C03684F
:106200002468A34208D04B680468646823444B6048
:1062100003681B680B6005E0054B1B680B6001E021
:1062200003680B60884200D0016010BDA40000200C
:10623000AC0000202DE9F04104460D4616461F46ED
:106240004FF0000865602461B5420CD8F01BA169CD
:10625000884202D34FF0010811E0211D094800686F
:1062600000F0A0FB0BE0BE4204D2BD4202D34FF0CF
:10627000010804E0211D0448006800F093FB40463B
:10628000BDE8F081900000208C00002070B505462C
:1062900000F0AEFBA86B08B9012400E0002400F078
:1062A000D1FB204670BD70B5054600F0A1FBA86B80
:1062B000E96B884201D1012400E0002400F0C2FB18
:1062C000204670BDF8B505460F461A480068C068FC
:1062D000C468201D00F02AFB94F8280000F0040098
:1062E000E8B1A06941192B463A462046FFF7A2FFC4
:1062F000D8B1002003462A4601460090204601F00E
:1063000093FC064656B900BF502080F31188BFF3B6
:106310004F8FBFF36F8F00BF00BFFEE705E094F81B
:10632000280020F0010084F828002046216A8847D0
:10633000F8BD00008C000020F0B587B0A0E0039805
:10634000002811DA04AE56B900BF502080F311883E
:10635000BFF34F8FBFF36F8F00BF00BFFEE7D6E9DB
:106360000020B168904700BF03980028E6DB059C39
:10637000606908B9012000E0002010B9201D00F07C
:10638000D5FA02A800F0DEF8054603980A2875D26F
:10639000DFE800F009050739416306083A4200BF0B
:1063A00000BF00BF00BF94F8280040F0010084F84F
:1063B00028000498A269811803462A462046FFF760
:1063C00039FFF8B12046216A884794F8280000F088
:1063D0000400B8B1002000900498A169421800237D
:1063E0001946204601F020FC074657B900BF50204F
:1063F00080F31188BFF34F8FBFF36F8F00BF00BFD3
:10640000FEE700BF3BE000BF94F8280020F0010049
:1064100084F8280033E000BF94F8280040F0010021
:1064200084F828000498A061A06908B1012000E068
:10643000002050B900BF502080F31188BFF34F8F68
:10644000BFF36F8F00BF00BFFEE7A06941192B4665
:106450002A462046FFF7EEFE11E094F8280000F0EF
:10646000020018B9204600F00BFB05E094F8280064
:1064700020F0010084F8280001E0FFE700BF00BF22
:10648000002203A90448006800F0DCFF00287FF424
:1064900056AF07B0F0BD000094000020F8B50546E7
:1064A0000C4600F0A3FC684600F04CF80646009845
:1064B00020BB44B9B54206D801F0A4FA31462846BB
:1064C000FFF700FF1CE03CB10E480068006808B907
:1064D000012000E000200446A91B22460A4800686B
:1064E00000F086FB01F08EFA50B94FF0805007495A
:1064F0000860BFF34F8FBFF36F8F01E001F082FAA6
:10650000F8BD0000900000209400002004ED00E0A1
:106510000A490968096809B9012100E0002121B18F
:106520004FF0FF31064A116006E004490968C96866
:10653000C868034A41681160704700005400002099
:106540008000002070B5044601F016F905460748A2
:106550000068854204D200F00BF80120206001E0C1
:106560000020206001480560284670BD9C00002086
:106570002DE9F84334E025480068C06805682348E1
:106580000068C068C468201D00F0D0F92046216A68
:10659000884794F8280000F0040008B3A069461961
:1065A000AE4207D966602461211D1848006800F0DA
:1065B000F9F915E0002003462A46014600902046DE
:1065C00001F032FB074657B900BF502080F3118815
:1065D000BFF34F8FBFF36F8F00BF00BFFEE700BF59
:1065E0000A480068006808B9012000E0002000287F
:1065F000C1D00648D0F8008005480068034908600B
:106600000348C0F80080BDE8F88300008C0000203B
:10661000900000200E480068401C08B9012000E0EE
:10662000002050B900BF502080F31188BFF34F8F76
:10663000BFF36F8F00BF00BFFEE700BF502080F3A5
:106640001188BFF34F8FBFF36F8F00BF00BFFEE70E
:10665000C400002008B500BF6846FFF77BFC044675
:1066600020460099FFF71AFFFFF766FEF4E770B5C2
:10667000044600F0BDF994F9455010E0606A08B98D
:10668000012000E0002038B904F1240001F06EF987
:1066900018B100F00DFB00E003E0681E45B2002DCC
:1066A000ECDC00BFFF2084F8450000F0CBF900F0DF
:1066B0009FF994F9445010E0206908B9012000E0E6
:1066C000002048B904F1100001F050F908B100F0C1
:1066D000EFFA681E45B200E001E0002DECDC00BFDF
:1066E000FF2084F8440000F0ADF970BD2DE9F041C1
:1066F00004464FF0000800F079FB4948006808B9EB
:10670000FFF73CFC474800682040002870D1D4B116
:10671000083404F00700B0B104F00700C0F108002D
:10672000044404F0070008B9012000E0002050B93B
:1067300000BF502080F31188BFF34F8FBFF36F8FDE
:1067400000BF00BFFEE7002C52D0374800688442EB
:106750004ED8364E3046056801E02E462D686868F2
:10676000A04202D228680028F7D12D48006885424F
:106770003ED0306800F10808286830606868001B67
:10678000102819D92F1907F0070008B9012000E0D7
:10679000002050B900BF502080F31188BFF34F8F05
:1067A000BFF36F8F00BF00BFFEE76868001B786013
:1067B0006C603846FFF70AFD1B4968680968081ACB
:1067C000194908600846006819490968884203D2D7
:1067D0001548006816490860124968680968084346
:1067E00068600020286013480068401C1149086058
:1067F00001F008F908F0070008B9012000E00020C6
:1068000050B900BF502080F31188BFF34F8FBFF302
:106810006F8F00BF00BFFEE74046BDE8F08100007B
:10682000AC000020C0000020B0000020A400002028
:10683000B4000020B800002070B50446254654B9C5
:1068400000BF502080F31188BFF34F8FBFF36F8FCD
:1068500000BF00BFFEE700F0CBF8EE6900F0F2F8F1
:10686000304670BD001F4FF080730360001F21F0A1
:1068700001030360001F054B036014380260001F12
:106880006FF00203036020387047000015660008AF
:1068900010B51848C06B00684068C0F5007084B23D
:1068A00015480088844224D01348008884420BDDB8
:1068B00011480088201A82B210480F4B1B88C1185B
:1068C0000F48FFF76BF912E00B480088C0F5007025
:1068D00082B20A48084B1B88C1180948FFF75EF9C5
:1068E000002C04DD224605490548FFF757F9024808
:1068F000048010BDB002002038000020C008002035
:10690000C00A002010B54FF4007206490648FCF793
:10691000D3F805480068C06840F0100002490968D3
:10692000C86010BDC0080020B002002001460A69FE
:10693000D1E901309860D1E901035860506888427C
:1069400001D188685060002008611068401E106006
:1069500010687047034B0360034B0B608023136088
:1069600070470000B415002010160020034B036090
:10697000034B0B604FF480731360704710180020B6
:106980006C18002000F1080141604FF0FF31816078
:1069900000F10801C1600161002101607047002120
:1069A0000161704710B502460B685C1C0CB9106998
:1069B00007E002F1080000E04068446824689C4257
:1069C000FAD944684C604C68A160886041600A61F3
:1069D0001468641C146010BD42684A6093688B6040
:1069E000936859609160086103685B1C036070479D
:1069F00000BF502080F31188BFF34F8FBFF36F8F1C
:106A000000BF0E480068401C0C490860084600683A
:106A1000012812D10A480068C0B208B9012000E07C
:106A2000002050B900BF502080F31188BFF34F8F72
:106A3000BFF36F8F00BF00BFFEE77047C4000020A8
:106A400004ED00E00D48006850B900BF502080F30D
:106A50001188BFF34F8FBFF36F8F00BF00BFFEE7FA
:106A600006480068401E054908600846006820B9CD
:106A7000002080F3118800BF00BF7047C4000020D1
:106A800070B506463546002E44D0083D2C462249B6
:106A900060680968084008B1012000E0002050B992
:106AA00000BF502080F31188BFF34F8FBFF36F8F6B
:106AB00000BF00BFFEE7206808B9012000E0002009
:106AC00050B900BF502080F31188BFF34F8FBFF340
:106AD0006F8F00BF00BFFEE70F496068096808407C
:106AE000C0B12068B0B90C4960680968884360602B
:106AF00000F07CF9094960680968084407490860A2
:106B00002046FFF763FB06480068401C0449086004
:106B100000F078FF70BD0000C0000020B000002031
:106B2000BC00002000204FF0E02108618861064889
:106B300000684FF47A71B0FBF1F0401E4FF0E02195
:106B400048610720086170471C00002070B5F9F704
:106B500083FB0446102C16D304F1E02090F8F05388
:106B600015480078854201DB012000E0002050B983
:106B700000BF502080F31188BFF34F8FBFF36F8F9A
:106B800000BF00BFFEE70D48006800F4E0600C495C
:106B90000968884201D8012000E0002050B900BFF8
:106BA000502080F31188BFF34F8FBFF36F8F00BF6A
:106BB00000BFFEE770BD0000C80000200CED00E043
:106BC000CC000020024600200BE0084B53F8303088
:106BD00033B9064B43F8301003EBC0035A6002E0B0
:106BE000401C0828F1D300BF70470000980F002018
:106BF0002DE9F04105460E4617462C46FFF7F8FEF4
:106C000094F94400401C10B9002084F8440094F921
:106C10004500401C10B9002084F84500FFF712FF22
:106C2000A06B28B93A46314604F1240000F062F81E
:106C30002046FFF71CFDBDE8F081000070B504465A
:106C40000025D4B11248006808B9012000E00020F6
:106C500050B900BF502080F31188BFF34F8FBFF3AE
:106C60006F8F00BF00BFFEE700F0C0F80021204694
:106C7000FEF7FCFF00F0C6FE05463DB94FF0805020
:106C800004490860BFF34F8FBFF36F8F70BD0000E2
:106C90008800002004ED00E0034909680160034911
:106CA00009684160704700007800002064000020FF
:106CB00001200149086070477400002070B5044647
:106CC0000D4654B900BF502080F31188BFF34F8F99
:106CD000BFF36F8F00BF00BFFEE7054801681831A2
:106CE0002046FFF75FFE01212846FEF7BFFF70BD7B
:106CF0005000002070B505460E46144655B900BF39
:106D0000502080F31188BFF34F8FBFF36F8F00BF08
:106D100000BFFEE70648016818312846FFF75CFE11
:106D20000CB14FF0FF3621463046FEF79FFF70BD95
:106D30005000002010B586B000200590049003AAF2
:106D400004A905A8FFF706FE0022DDE9041013469A
:106D5000CDE9002102901EA11F48039A00F09EFC7D
:106D60001E4908600846006808B1012400E00024BC
:106D7000012C02D100F01CFF0446012C15D100BFEC
:106D8000502080F31188BFF34F8FBFF36F8F00BF88
:106D90004FF0FF30124908600120124908600020BE
:106DA0001149086000F072F810E0601C08B1012081
:106DB00000E0002050B900BF502080F31188BFF3DD
:106DC0004F8FBFF36F8F00BF00BFFEE706B010BD4F
:106DD00049444C4500000000F95F00088400002091
:106DE000800000206C000020640000200248006841
:106DF000401C014908607047880000201E48006858
:106E000018B101201D49086034E000201B490860CA
:106E10001B4801680CE051B900BF502080F3118875
:106E2000BFF34F8FBFF36F8F00BF00BFFEE7491E58
:106E300001EB8100134A52F8200008B9012000E05C
:106E400000200028E7D101EB81020E4B03EB82000A
:106E500042685268426000F108024368934202D1DE
:106E60004268526842604268D268074B1A60044820
:106E7000016000BF704700008800002074000020FF
:106E800068000020D80F0020500000201CB5524898
:106E900000685249884201D0012000E0002050B92A
:106EA00000BF502080F31188BFF34F8FBFF36F8F67
:106EB00000BF00BFFEE7484800684849491E8842B5
:106EC00001D0012000E0002050B900BF502080F325
:106ED0001188BFF34F8FBFF36F8F00BF00BFFEE776
:106EE0003F49084600780190FF200A461070084686
:106EF000007800909DF8000000F0F0009DF8002060
:106F0000904201D1012000E0002050B900BF502084
:106F100080F31188BFF34F8FBFF36F8F00BF00BFA7
:106F2000FEE79DF8000000F050002E4A1070072088
:106F30002D4A106009E02C480068401E2A4A106063
:106F40009DF800004006000E00909DF8000000F043
:106F500080008028EFD024480068C0F10700042892
:106F600001D1012000E0002050B900BF502080F383
:106F70001188BFF34F8FBFF36F8F00BF00BFFEE7D5
:106F8000194800680002184A10601046008800F492
:106F9000E0601060124A019810700F4820300068BD
:106FA00040F470000C49203108600846006840F049
:106FB00070400860FFF7B6FD00200C490860F9F743
:106FC00013F90B48006840F0404009490860F9F7A0
:106FD000F7F800201CBD000000ED00E071C20F4179
:106FE00000E400E0C8000020CC000020C400002025
:106FF00034EF00E010B500BF502080F31188BFF3DC
:107000004F8FBFF36F8F00BF00F0BCFB18B14FF084
:1070100080500449086000BF002080F3118800BF41
:1070200010BD000004ED00E02DE9F84380460E4657
:1070300017461D46DDF82090B8F1000F01D0012061
:1070400000E0002050B900BF502080F31188BFF34A
:107050004F8FBFF36F8F00BF00BFFEE70DB1012060
:1070600000E0002050B900BF502080F31188BFF32A
:107070004F8FBFF36F8F00BF00BFFEE707B10EB1A8
:10708000012000E0002050B900BF502080F311889B
:10709000BFF34F8FBFF36F8F00BF00BFFEE707B98D
:1070A0000EB9012000E0002050B900BF502080F34D
:1070B0001188BFF34F8FBFF36F8F00BF00BFFEE794
:1070C000502000900098502801D1012000E00020BD
:1070D00050B900BF502080F31188BFF34F8FBFF32A
:1070E0006F8F00BF00BFFEE700BF2C464CB10120F0
:1070F00084F846004B463A46314640460094FEF737
:107100008FFF2046BDE8F88370B505460E462C4635
:1071100054B900BF502080F31188BFF34F8FBFF3E5
:107120006F8F00BF00BFFEE7FFF762FCD4E90F12CC
:10713000206801FB0200A0600020A063206860605E
:10714000E06B401E226C216800FB0211E160FF2011
:1071500084F8440084F845009EB9206908B90120EC
:1071600000E00020A8B904F1100000F0FFFB80B19E
:107170004FF0805009490860BFF34F8FBFF36F8F06
:1071800007E004F11000FFF7FDFB04F12400FFF716
:10719000F9FBFFF757FC012070BD000004ED00E093
:1071A0002DE9FF4383B0064688461D464FF000098F
:1071B000344654B900BF502080F31188BFF34F8F7D
:1071C000BFF36F8F00BF00BFFEE7B8F1000F01D122
:1071D000206C08B9012000E0002050B900BF502009
:1071E00080F31188BFF34F8FBFF36F8F00BF00BFD5
:1071F000FEE7022D02D1E06B012801D1012000E061
:10720000002050B900BF502080F31188BFF34F8F8A
:10721000BFF36F8F00BF00BFFEE700F09DFA08B913
:10722000059808B9012000E0002050B900BF5020A7
:1072300080F31188BFF34F8FBFF36F8F00BF00BF84
:10724000FEE700BFFFF7D4FBA06BE16B884201D3E0
:10725000022D28D12A4641462046FEF714FE074655
:10726000606A08B9012000E0002068B904F1240038
:1072700000F07CFB88B14FF0805032490860BFF3CA
:107280004F8FBFF36F8F08E03FB14FF080502D4913
:107290000860BFF34F8FBFF36F8FFFF7D3FB012061
:1072A00007B0BDE8F083059818B9FFF7CBFB0020C5
:1072B000F6E7B9F1000F04D101A8FFF7EDFC4FF09C
:1072C0000109FFF7BFFBFFF791FDFFF791FB94F971
:1072D0004400401C10B9002084F8440094F9450093
:1072E000401C10B9002084F84500FFF7ABFB05A94E
:1072F00001A800F05BF9F0B92046FEF7D4FFA0B179
:1073000004F110000599FFF7D9FC2046FFF7AFF90B
:1073100000F078FB002895D14FF0805009490860B3
:10732000BFF34F8FBFF36F8F8CE72046FFF79FF9B6
:1073300000F068FB86E72046FFF799F900F062FB52
:107340000020ADE704ED00E02DE9F84F07468A463E
:1073500090461E463C4654B900BF502080F3118829
:10736000BFF34F8FBFF36F8F00BF00BFFEE7BAF1CF
:10737000000F01D1206C08B9012000E0002050B9B5
:1073800000BF502080F31188BFF34F8FBFF36F8F82
:1073900000BF00BFFEE7022E02D1E06B012801D141
:1073A000012000E0002050B900BF502080F3118878
:1073B000BFF34F8FBFF36F8F00BF00BFFEE7FFF734
:1073C000C5FB00BF5021EFF3118081F31188BFF39B
:1073D0004F8FBFF36F8F00BF0546A06BE16B8842F4
:1073E00001D3022E25D194F945B0A06B009032460E
:1073F00051462046FEF747FD0BF1010088B9606A4F
:1074000008B9012000E0002050B904F1240000F088
:10741000ADFA28B1B8F1000F02D00120C8F8000081
:1074200004E00BF1010040B284F845004FF001097F
:1074300001E04FF0000900BF85F3118800BF484606
:10744000BDE8F88F2DE9F74183B005460E464FF0B1
:1074500000082C4654B900BF502080F31188BFF3B8
:107460004F8FBFF36F8F00BF00BFFEE70EB9206CD8
:1074700008B9012000E0002050B900BF502080F37F
:107480001188BFF34F8FBFF36F8F00BF00BFFEE7C0
:1074900000F062F908B9059808B9012000E0002061
:1074A00050B900BF502080F31188BFF34F8FBFF356
:1074B0006F8F00BF00BFFEE700BFFFF799FAA76B11
:1074C000F7B131462046FEF7C9FC781EA06320695B
:1074D00008B9012000E0002060B904F1100000F0BC
:1074E00045FA38B14FF080502F490860BFF34F8FF5
:1074F000BFF36F8FFFF7A6FA012006B0BDE8F08159
:10750000059818B9FFF79EFA0020F6E7B8F1000FCA
:1075100004D101A8FFF7C0FB4FF00108FFF792FA72
:10752000FFF764FCFFF764FA94F94400401C10B9BB
:10753000002084F8440094F94500401C10B9002054
:1075400084F84500FFF77EFA05A901A800F02EF89F
:10755000F0B92046FEF79AFEA0B104F12400059987
:10756000FFF7ACFB2046FFF782F800F04BFA00284B
:10757000A3D14FF080500C490860BFF34F8FBFF389
:107580006F8F9AE72046FFF772F800F03BFA94E716
:107590002046FFF76CF800F035FA2046FEF776FE3D
:1075A00000288AD00020A8E704ED00E070B5054669
:1075B0000C4655B900BF502080F31188BFF34F8FA0
:1075C000BFF36F8F00BF00BFFEE754B900BF50206C
:1075D00080F31188BFF34F8FBFF36F8F00BF00BFE1
:1075E000FEE7FFF705FA124802686868131A206878
:1075F000401C08B9002617E00E492868096888422F
:1076000004D06868904201D801260DE020689842B5
:1076100007D92068C01A20602846FFF73DFB0026E6
:1076200002E0002020600126FFF70CFA304670BD12
:1076300064000020780000202DE9FF4F85B08046CF
:1076400089461746DDE912ABB800FFF74FF806464A
:1076500056B15C20FFF74AF804460CB1266304E0FB
:107660003046FFF70DFA00E000248CB1002084F8CA
:107670005900CDE900ABCDE902403A4649464046C3
:10768000089BFEF7E2FC2046FEF72EFB012501E0F9
:107690004FF0FF35284609B0BDE8F08F2DE9F04FD7
:1076A00085B00746884691469A46DDE90EB6109C9D
:1076B0000EB1012000E0002050B900BF502080F33F
:1076C0001188BFF34F8FBFF36F8F00BF00BFFEE77E
:1076D0000CB1012000E0002050B900BF502080F321
:1076E0001188BFF34F8FBFF36F8F00BF00BFFEE75E
:1076F0005C20039003985C2801D1012000E0002069
:1077000050B900BF502080F31188BFF34F8FBFF3F3
:107710006F8F00BF00BFFEE700BFB4B1AEB125461A
:107720002C462E63022085F85900002004A95346F8
:107730004A46CDE900B1CDE9025041463846FEF750
:1077400084FC2846FEF7D0FA01E00020049004985B
:1077500005B0BDE8F08F00000549096809B90120AE
:1077600005E00449096809B9022000E000207047DB
:107770006C00002088000020014908687047000064
:10778000640000202DE9F0414FF0000843480068F4
:1077900000287BD142480068451C4148056015BB64
:1077A00040480068006808B9012000E0002050B996
:1077B00000BF502080F31188BFF34F8FBFF36F8F4E
:1077C00000BF00BFFEE73748076837480068354903
:1077D00008603548076035480068401C3349086038
:1077E000FEF796FE00BF3248006885423BD300BFDB
:1077F0002C480068006808B9012000E0002020B192
:107800004FF0FF302A4908602CE026480068C06825
:10781000C4686668B54202D22548066022E0201D91
:10782000FFF784F8A06A18B104F11800FFF77EF89A
:107830002049E06A0968884202D91E49E06A086066
:10784000E16A01EB81011C4A02EB8100211DFFF777
:10785000C3F81A49E06A0968C96A8842C8D34FF078
:107860000108C5E700BF15480068C06A00EB80004A
:10787000114951F82000012801D94FF001081048A2
:10788000006808B14FF0010805E0FFE70D48006807
:10789000401C0C4908604046BDE8F081880000208B
:1078A00064000020540000205800002078000020D0
:1078B0008000002068000020D80F00205000002029
:1078C000740000207000002070B505462C4600268C
:1078D000002D43D022480068844201D1012000E0FD
:1078E000002050B900BF502080F31188BFF34F8FA4
:1078F000BFF36F8F00BF00BFFEE7206D50B900BF20
:10790000502080F31188BFF34F8FBFF36F8F00BFFC
:1079100000BFFEE7206D401E2065E16CE06A8842F2
:107920001CD0206DD0B9201DFFF700F8E06CE0629C
:10793000E06AC0F13800A0610A49E06A096888423B
:1079400002D90849E06A0860E16A01EB8101064A50
:1079500002EB8100211DFFF73FF80126304670BD84
:107960005000002068000020D80F002070B50646A7
:10797000F068C46854B900BF502080F31188BFF389
:107980004F8FBFF36F8F00BF00BFFEE704F11800F9
:10799000FEF7CCFF15480068A0B9201DFEF7C6FF12
:1079A0001349E06A0968884202D91149E06A08600F
:1079B000E16A01EB81010F4A02EB8100211DFFF713
:1079C0000BF804E004F118010B48FFF705F80B4928
:1079D000E06A0968C96A884204D90125012008497A
:1079E000086000E00025284670BD000088000020E7
:1079F00068000020D80F00206014002050000020F4
:107A00007400002070B5002400263648006850B984
:107A100000BF502080F31188BFF34F8FBFF36F8FEB
:107A200000BF00BFFEE7FEF7E3FF2E480068401EE0
:107A30002C4908600846006800284ED12A48006892
:107A400000284AD023E02948C068C46804F118001F
:107A5000FEF76CFF201DFEF769FF2549E06A096803
:107A6000884202D92249E06A0860E16A01EB81019B
:107A7000204A02EB8100211DFEF7AEFF1E49E06A9D
:107A80000968C96A884202D301201C490860174866
:107A9000006808B9012000E000200028D3D00CB114
:107AA000FEF736FD1648056865B100BFFFF76AFEB0
:107AB00010B10120114908606D1E002DF6D1002083
:107AC0000F4908600D48006838B1012630070D499C
:107AD0000860BFF34F8FBFF36F8FFEF7B3FF3046E1
:107AE00070BD0000880000206000002060140020AD
:107AF00068000020D80F00205000002074000020F3
:107B00007000002004ED00E02DE9FC4705460E461C
:107B100017469846DDF828902C20FEF7E7FD04462E
:107B200054B1002084F8280043463A46314628469E
:107B3000CDE90094FEF7E8FA2046BDE8FC872DE980
:107B4000FC4706460F4690469946DDE90AA52C20DB
:107B5000019001982C2801D1012000E0002050B9AB
:107B600000BF502080F31188BFF34F8FBFF36F8F9A
:107B700000BF00BFFEE700BF55B900BF502080F333
:107B80001188BFF34F8FBFF36F8F00BF00BFFEE7B9
:107B90002C4654B1022084F828004B464246394610
:107BA0003046CDE900A4FEF7AFFA2046BDE8FC87D9
:107BB00010B586B00024FEF7F3F816480068D0B17F
:107BC00000200590049003AA04A905A8FEF7CEFEA4
:107BD0000222DDE904100023CDE9002102900EA16C
:107BE0000F48039AFFF75AFD0E49086008460068DF
:107BF00000B1012400BF54B900BF502080F31188A8
:107C0000BFF34F8FBFF36F8F00BF00BFFEE720466B
:107C100006B010BD94000020546D722053766300AE
:107C200055660008980000202DE9FF4704460D46E0
:107C300016461F46DDF830804FF0000954B900BFEA
:107C4000502080F31188BFF34F8FBFF36F8F00BFB9
:107C500000BFFEE71448006810B300950196029437
:107C6000062D15DAFFF778FD022808D100234246D9
:107C700069460D480068FFF793FA814610E000233B
:107C80001A46694608480068FFF78AFA814607E005
:107C900000233A46694604480068FFF755FB8146D1
:107CA000484604B0BDE8F08794000020589E0008C4
:107CB00000000000000000000000000000000000C4
:107CC000000200001800000000000000000000009A
:107CD000649E00080000000000000000000000009A
:107CE0000000000000020000190000000000000079
:107CF000000000004C9E0008000000000000000092
:107D00000000000000000000000200001100000060
:107D10000000000000000000409E0008000000007D
:107D200000000000000000000006101600061016FB
:107D3000000000000000000001020304060708091B
:107D40000000000001020304000000000000000029
:107D5000002F000000000700070000147F147F14AC
:107D600000242A7F2A120062640813230036495532
:107D7000225000000503000000001C22410000000A
:107D800041221C000014083E08140008083E0808A0
:107D9000000000A0600000080808080800006060FB
:107DA0000000002010080402003E5149453E00003A
:107DB000427F4000004261514946002141454B311C
:107DC000001814127F10002745454539003C4A49E8
:107DD000493000017109050300364949493600065A
:107DE0004949291E000036360000000056360000C2
:107DF000000814224100001414141414000041223D
:107E0000140800020151090600324959513E007C14
:107E10001211127C007F49494936003E41414122FE
:107E2000007F4141221C007F49494941007F0909E7
:107E30000901003E4149497A007F0808087F000097
:107E4000417F4100002040413F01007F0814224152
:107E5000007F40404040007F020C027F007F04080A
:107E6000107F003E4141413E007F09090906003E66
:107E70004151215E007F091929460046494949318F
:107E80000001017F0101003F4040403F001F2040B2
:107E9000201F003F4038403F006314081463000770
:107EA0000870080700615149454300007F414100C7
:107EB00000552A552A55000041417F000004020167
:107EC0000204004040404040000001020400002045
:107ED00054545478007F4844443800384444442083
:107EE00000384444487F00385454541800087E0930
:107EF00001020018A4A4A47C007F080404780000F8
:107F0000447D4000004080847D00007F10284400B4
:107F10000000417F4000007C04180478007C0804C5
:107F2000047800384444443800FC24242418001801
:107F3000242418FC007C08040408004854545420ED
:107F400000043F444020003C4040207C001C204076
:107F5000201C003C4030403C004428102844001CB9
:107F6000A0A0A07C004464544C44141414141414B1
:107F700008060000487D0008000000000000000026
:107F8000000000000000FC000000000002000000F3
:107F9000000C020C020000000000000090D0BCD0D9
:107FA000BC900003000300001824FE448C00030270
:107FB000070201001824D8B04C8000030001020120
:107FC000C038E438E00001020201020208060000A5
:107FD0000000000000000000000000F804020000A3
:107FE00000010204000204F8000000040201000085
:107FF0009060F86090000000010000002020FC204C
:108000002000000001000000000000000000080641
:1080100000000000202020202000000000000000C0
:108020000000000000000002000000000080601C52
:108030000200040300000000F8040404F800010238
:10804000020201000008FC00000000020302000020
:1080500018844424180003020202020008042424A5
:10806000D80001020202010040B088FC800000003C
:10807000000302003C242424C40001020202010087
:10808000F824242CC0000102020201000C04E41CAC
:108090000400000003000000D8242424D8000102BA
:1080A0000202010038444444F800000302020100C7
:1080B000000010000000000002000000000020008E
:1080C00000000000060000000020508804020000AC
:1080D00000000102909090909000000000000000CD
:1080E0000002048850200002010000001804C4248B
:1080F0001800000002000000F804E494F8000102F7
:108100000202020000E09CF0800002030000030273
:1081100004FC2424D800020302020100F804040431
:108120000C0001020202010004FC0404F800020336
:108130000202010004FC24740C000203020203008A
:1081400004FC24740C00020302000000F008044444
:10815000CC4000010202010004FC2020FC040203C8
:10816000000003020404FC040400020203020200F3
:10817000000404FC040406040403000004FC24D0EE
:108180000C0402030200030204FC040000000203CA
:1081900002020203FC3CC03CFC000300030003009D
:1081A00004FC30C4FC04020302000300F8040404CD
:1081B000F80001020202010004FC2424180002035A
:1081C00002000000F8848404F800010202070500A0
:1081D00004FC2464980002030200030218242444CF
:1081E0008C000302020201000C04FC040C000002DB
:1081F0000302000004FC0000FC0400010202010074
:10820000047C80E01C040000030000001CE03CE053
:108210001C00000300030000049C609C0400020397
:1082200000030200041CE01C040000020302000022
:108230000C84641C04000203020203000000FE021E
:108240000200000007040400000E30C0000000001F
:1082500000010200000202FE00000004040700000A
:108260000004020400000000000000000000000004
:1082700000000808080808080000020000000000CC
:10828000000000000040A0A0C000000102020302A4
:1082900004FC2020C00000030202010000C02020D6
:1082A000600000010202020000C02024FC00000166
:1082B0000202030200C0A0A0C000000102020200EE
:1082C0000020F82424040002030202000040A0A0C1
:1082D000602000070A0A0A0404FC2020C0000203F0
:1082E000020003020020E40000000002030200007C
:1082F000000020E4000008080807000004FC80E0FB
:1083000020200203020003020404FC000000020219
:1083100003020200E020E020C0000300030003008D
:1083200020E02020C00002030200030200C0202041
:10833000C00000010202010020E02020C000080F60
:108340000A02010000C02020E0000001020A0F081C
:1083500020E0402020000203020000000060A0A0F6
:1083600020000002020203000020F82000000000AC
:108370000102020020E00020E000000102020302EE
:1083800020E0208060200000030100006080E08089
:1083900060000003000300002060806020000203F2
:1083A0000003020020E02080602008080701000090
:1083B0000020A0602000000203020200000020DE76
:1083C0000200000000070400000000FF00000000A1
:1083D000000F00000002DE20000000040700000083
:1083E0000201020404020000000000000C0600006C
:1083F000787F00080000000000000000000000007E
:1084000000000000000000F8000000000000003341
:108410003000000000100C06100C060000000000E8
:108420000000000040C07840C0784000043F0404D1
:108430003F040400007088FC08300000001820FF92
:10844000211E0000F008F000E018000000211C03CD
:108450001E211E0000F00888700000001E21232449
:108460001927211010160E00000000000000000067
:1084700000000000000000E01804020000000007F7
:108480001820400000020418E000000000402018FE
:1084900007000000404080F0804040000202010FD1
:1084A00001020200000000F0000000000101011FB5
:1084B00001010100000000000000000080B0700019
:1084C00000000000000000000000000000010101A9
:1084D0000101010100000000000000000030300038
:1084E0000000000000000000806018040060180612
:1084F0000100000000E010080810E000000F10204C
:1085000020100F00001010F8000000000020203F95
:10851000202000000070080808887000003028241F
:1085200022213000003008888848300000182020C0
:1085300020110E000000C02010F8000000070424E5
:10854000243F240000F8088888080800001921202A
:1085500020110E0000E0108888180000000F112084
:1085600020110E0000380808C83808000000003F3D
:10857000000000000070880808887000001C22219C
:1085800021221C0000E010080810E0000000312249
:1085900022110F00000000C0C000000000000030E9
:1085A000300000000000008000000000000080603B
:1085B00000000000000080402010080000010204BC
:1085C00008102000404040404040400004040404A3
:1085D000040404000008102040800000002010085F
:1085E00004020100007048080808F0000000003094
:1085F00036010000C030C828E810E0000718272422
:1086000023140B000000C038E0000000203C2302CF
:108610000227382008F8888888700000203F202032
:1086200020110E00C0300808080838000718202064
:108630002010080008F808080810E000203F20205B
:1086400020100F0008F88888E8081000203F20203C
:108650002320180008F88888E8081000203F200030
:1086600003000000C0300808083800000718202068
:10867000221E020008F808000008F808203F210127
:1086800001213F20000808F8080800000020203FD2
:108690002020000000000808F8080800C080808042
:1086A0007F00000008F888C028180800203F20013B
:1086B0002638200008F8080000000000203F202095
:1086C0002020300008F8F800F8F80800203F003FAC
:1086D000003F200008F830C00008F808203F2000C4
:1086E00007183F00E01008080810E0000F102020D5
:1086F00020100F0008F808080808F000203F2101AA
:1087000001010000E01008080810E0000F18242400
:1087100038504F0008F8888888887000203F200073
:10872000030C302000708808080838000038202129
:1087300021221C00180808F8080818000000203F33
:108740002000000008F808000008F808001F20209A
:1087500020201F000878880000C83808000007386B
:108760000E010000F80800F80008F800033C0700BC
:10877000073C0300081868808068180820302C0324
:10878000032C30200838C800C83808000000203FFB
:108790002000000010080808C838080020382621EA
:1087A00020201800000000FE020202000000007FEE
:1087B00040404000000C30C00000000000000001FC
:1087C0000638C00000020202FE00000000404040E7
:1087D0007F0000000000040202020400000000000C
:1087E0000000000000000000000000008080808089
:1087F0008080808000020204000000000000000071
:108800000000000000008080808000000019242209
:1088100022223F2008F8008080000000003F112045
:1088200020110E000000008080800000000E11204A
:1088300020201100000000808088F800000E112028
:1088400020103F200000808080800000001F222236
:1088500022221300008080F0888888180020203FA2
:10886000202000000000808080808000006B9494B5
:108870009493600008F8008080800000203F210071
:1088800000203F2000809898000000000020203F3A
:1088900020200000000000809898000000C0808028
:1088A000807F000008F8000080808000203F2402C4
:1088B0002D302000000808F8000000000020203FB4
:1088C000202000008080808080808000203F200069
:1088D0003F20003F8080008080800000203F2100FA
:1088E00000203F200000808080800000001F2020AA
:1088F00020201F00808000808000000080FFA120D9
:1089000020110E000000008080808000000E1120E9
:1089100020A0FF80808080008080800020203F2178
:10892000200001000000808080808000003324242B
:1089300024241900008080E0808000000000001FD7
:10894000202000008080000000808000001F202088
:1089500020103F20808080000080808000010E3049
:108960000806010080800080008080800F300C03AA
:108970000C300F0000808000808080000020312EAD
:108980000E312000808080000080808080818E7089
:108990001806010000808080808080000021302C3B
:1089A0002221300000000000807C02020000000054
:1089B000003F404000000000FF00000000000000F9
:1089C000FF0000000002027C800000000040403FE9
:1089D0000000000000060101020204040000000083
:1089E0000000000010080000F483000800000000F0
:1089F0000000000000000000000000000000000077
:108A00000000000000000000000000000000000066
:108A10000000000000F0F0F0000000000000000086
:108A200000017F010000000000000000001C1C1C71
:108A30000000000000008060301C8C60301C0C00C6
:108A40000000000000000000000000000000000026
:108A50000000000000000000000000E00000000036
:108A600000E000000086E69F86868686E69F8600F8
:108A700000011F01010101011F010100000080C070
:108A80006020F820E0C00000000003070C18FF7011
:108A9000E18100000000070F10107F100F07000099
:108AA0008060206080000000E02000000F30203057
:108AB0009F70DC371030C0000000100E0300071854
:108AC000101807000000C02020E0C00000000000D7
:108AD00080E01F38E88703C43C040000070F18102B
:108AE000100B070D1010080000808C4C380000009F
:108AF0000000000000000000000000000000000076
:108B00000000000000000000000000000000000065
:108B1000000080E0300804000000000000FEFF01BB
:108B200000000000000000000000030F18204000BB
:108B300000040830E0800000000000000000000099
:108B400001FFFE0000000000004020180F0300009D
:108B500000000000000000000000C0000000000055
:108B6000004266663C18FF183C6666420000000042
:108B70000000030000000000000000000000800072
:108B800000000000001010101010FF101010101046
:108B900000000000000003000000000000000000D2
:108BA00000000000000000000000000000000000C5
:108BB0000000000000808C4C380000000000000025
:108BC0000000000000000000000000000010101075
:108BD0001010101010101000000000000000000025
:108BE0000000000000000000000000000000000085
:108BF00000000000000000000000000000001C1C3D
:108C00001C00000000000000000000000000000048
:108C1000E0380C000000000080701C030000000021
:108C20000060380E0100000000000000000080C05D
:108C300060202060C080000000FEFF0100000000F6
:108C400001FFFE000001070E181010180E070100AA
:108C50000000808080C0E0000000000000000000F4
:108C600000FFFF000000000000001010101F1F1088
:108C7000101000000080402020202060C0800000F4
:108C800000030300804020381F070000001C1A1951
:108C900018181818181F00000080C020202060C07D
:108CA00080000000000303001010182FE780000070
:108CB00000070F10101010180F0700000000000030
:108CC0000000C0E0F000000000C0B088868180FF96
:108CD000FF808000000000000010101F1F10100017
:108CE0000000E060606060606060000000003F10B5
:108CF00008080818F0E0000000070B101010101C06
:108D00000F030000000080C040202020E0C00000D1
:108D100000FCFF211008080818F0E0000001070C13
:108D200018101010080F03000000C0E060606060C1
:108D300060E06000000003000000E0180700000091
:108D400000000000001F1F00000000000080C06045
:108D50002020202060C080000087EF2C18183030C1
:108D600068CF830000070F0810101010180F0700BD
:108D70000000C0C020202020C0800000001F3F60F5
:108D80004040402010FFFE0000000C1C1010100896
:108D90000F030000000000000000000000000000C1
:108DA00000000000000E0E0E000000000000000099
:108DB000001C1C1C0000000000000000000000005F
:108DC0000000000000000000000C0C00000000008B
:108DD0000000000000583800000000000000000003
:108DE0000000008040201000000010284482010094
:108DF0000000000000000000000001020408100054
:108E000000000000000000000000000000848484D6
:108E100084848484848484000000000000000000B6
:108E20000000000000001020408000000000000052
:108E3000000000000000018244281000000010081B
:108E4000040201000000000000C0202010101010DB
:108E500030E0C0000003030000F010080C0703001E
:108E6000000000001C1C1C0000000000000000C0EE
:108E7000406020202040C00000FCFF01F00E03C134
:108E8000FE03807F0001070E081111101109040272
:108E90000000000080E0E000000000000000807C96
:108EA0004340477FF880000010181F1000000000AA
:108EB000131F1C1020E0E02020202060C080000054
:108EC00000FFFF10101010182FE78000101F1F1058
:108ED00010101010180F0700000080C04020202044
:108EE0002060E00000FCFF01000000000000010025
:108EF0000001070E181010100804030020E0E02005
:108F000020202040C080000000FFFF000000000083
:108F100001FFFE00101F1F10101018080E0701009F
:108F200020E0E020202020202060800000FFFF10B3
:108F30001010107C00000000101F1F1010101010E7
:108F40001018060020E0E020202020206060800033
:108F500000FFFF101010107C00000100101F1F10F8
:108F60000000000000000000000080C06020202001
:108F700040E0000000FCFF0100004040C0C1404054
:108F80000001070E181010100F0F000020E0E02065
:108F90000000000020E0E02000FFFF101010101083
:108FA00010FFFF00101F1F1000000000101F1F10F7
:108FB0000000202020E0E020202000000000000031
:108FC00000FFFF000000000000001010101F1F1025
:108FD0001010000000000000202020E0E0202020F1
:108FE00000000000000000FFFF0000000060E080C3
:108FF0008080C07F3F00000020E0E020000020A033
:109000006020200000FFFF30187CE3C0000000005B
:10901000101F1F10000001131F1C181020E0E0207B
:10902000000000000000000000FFFF000000000042
:1090300000000000101F1F10101010101018060064
:1090400020E0E0E000000000E0E0E02000FF013F61
:10905000FEC0E01E01FFFF00101F1000031F0300F1
:10906000101F1F1020E0E0C0000000000020E020E2
:1090700000FF0003071C78E08000FF00101F1000B5
:1090800000000000030F1F00000080C0602020606F
:10909000C080000000FEFF010000000000FFFE0095
:1090A0000001070E181010180C07010020E0E02046
:1090B0002020202060C0800000FFFF2020202020F2
:1090C000301F0F00101F1F100000000000000000E4
:1090D000000080C060202060C080000000FEFF0112
:1090E0000000000000FFFE000001070E1111133CFC
:1090F0007C67210020E0E0202020202060C080004C
:1091000000FFFF101030F0D0080F0700101F1F10D5
:10911000000000030F1C10100080C06020202020E1
:109120004040E00000070F0C1818303060E081006C
:10913000001F0C0810101010180F0700806020206E
:1091400020E0E020202060800100000000FFFF0000
:109150000000000100000000101F1F1000000000B0
:1091600020E0E020000000000020E02000FFFF00E1
:10917000000000000000FF0000070F181010101082
:10918000100807002060E0E02000000020E06020E0
:109190000000077FF88000807C03000000000000D2
:1091A000071F1C070000000020E0E02000E0E02096
:1091B0000020E0200007FFF8E01FFFFCE01F000098
:1091C0000000031F0300011F03000000002060E0F7
:1091D000A0000020E0602000000000038F7CF8C6A3
:1091E000010000000010181E130001171F181000C6
:1091F0002060E0E02000000020E060200000010787
:109200003EF8E0180700000000000010101F1F10BB
:109210001000000000806020202020A0E0E020005E
:1092200000000000C0F03E0F0300000000101C1FF3
:1092300017101010101806000000000000FC0404B5
:10924000040404000000000000FF00000000000013
:1092500000000000007F404040404000000010E05F
:10926000000000000000000000000000031C6080FF
:109270000000000000000000000000030C708000EF
:1092800000000404040404FC0000000000000000CE
:10929000000000FF00000000000040404040407F10
:1092A0000000000000000010080C040C0810000072
:1092B00000000000000000000000000000000000AE
:1092C000000000000000000000000000000000009E
:1092D000000000000000000000000000000000008E
:1092E000808080808080808080808080000000047A
:1092F000040808000000000000000000000000005A
:10930000000000000000000000000000000000005D
:10931000000000000000000000000000000098D8DD
:1093200044642424FCF80000000F1F1810101008DB
:109330001F1F10180020E0F00000000000000000D7
:109340000000FFFF180804040CF8F00000001F0FD5
:1093500018101010180F030000000000000000009B
:109360000000000000E0F8180404043C380000008D
:1093700000030F0C10101010080600000000000081
:1093800000000020E0F0000000E0F81C04040408E5
:10939000FFFF000000030F18101010081F0F080037
:1093A0000000000000000000000000000000E0F8E5
:1093B000484444444C7870000000030F0C1810100F
:1093C000100804000000000080C0602020E0C00001
:1093D00000040404FFFF0404040400000000101053
:1093E0001F1F10101000000000000000000000000F
:1093F00000000000000070F88C04048CF874040C69
:10940000007076CF8D8D8D89C87870000020E0F0D7
:1094100000000000000000000000FFFF080404043A
:10942000FCF8000000101F1F100000101F1F10008C
:109430000000000000606000000000000000040464
:1094400004FCFC000000000000001010101F1F10A2
:10945000101000000000000000000060600000002C
:1094600000000000040404FCFC0000000000C0C078
:109470008080C07F3F0000000020E0F0000000007E
:10948000000000000000FFFF80C0F41C0404000086
:1094900000101F1F1100031F1C10100000002020CF
:1094A00020E0F000000000000000000000FFFF00CE
:1094B0000000000000001010101F1F10101000000E
:1094C00000000000000000000000000004FCFC0898
:1094D00004FCFC0804FCFC00101F1F10001F1F10E0
:1094E000001F1F100000000000000000000000002E
:1094F0000004FCFC08080404FCF8000000101F1F16
:10950000100000101F1F10000000000000000000ED
:109510000000000000E0F0180C04040C18F0E0005B
:1095200000030F0C101010100C0F030000000000BF
:1095300000000000000000000004FCFC080404041B
:109540000CF8F0000080FFFF889010101C0F030043
:1095500000000000000000000000000000E0F81C17
:1095600004040408F8FC000000030F181010908891
:10957000FFFF80000000000000000000000000006D
:10958000040404FCFC100804040C0C001010101F50
:109590001F1010100000000000000000000000007C
:1095A0000000000000003078CCC48484840C1C00CF
:1095B00000001E1810101011190F06000000000006
:1095C00000C000000000000000040404FFFF0404C9
:1095D00004000000000000000F1F1010100C00001D
:1095E0000000000000000000000000000004FCFE7D
:1095F00000000004FCFE000000000F1F18101008FF
:109600001F0F080000000000000000000000000024
:1096100000040C3CFCC40000C43C0C04000000002E
:10962000010F1E0E010000000000000000000000FD
:1096300000000000043CFCC400E47CFC84807C044A
:109640000000071F070000071F07000000000000C0
:1096500000000000000000000004041C7CE4C03492
:109660001C0404000010101C1601131F1C1810000D
:1096700000000000000000000000000000040C3C9E
:10968000FCC400C43C0404000000C080C1370E01CB
:1096900000000000000000000000000000000000CA
:1096A00000001C0404C4F47C1C0400000000101C16
:1096B0001F17111010180E0000000000000000F825
:1096C0000C04000000000000001028EF0000000063
:1096D000000000000000003F6040000000000000AB
:1096E0000000FF0000000000000000000000FF007C
:1096F00000000000000000000000FF00000000006B
:109700000000040CF8000000000000000000000051
:10971000EF28100000000000000040603F00000043
:109720000000000000180602020408102020300883
:109730000000000000000000000000000000000029
:109740000000000000000000180C0000EC89000878
:10975000E58F96000202FE929292FE0206FC04043D
:1097600004FC000008180F080804FF0484402718B0
:1097700027408000E59D9700202020FF202008083A
:1097800008FF080808F800001030100F8848211161
:109790000D030D1121418100E6A8A1001010D0FF9A
:1097A0009014E4AFA4A4A4AFE4040000040300FFF9
:1097B00000894B2A1A0E1A2A4B888000E5BC8F00BC
:1097C000101090909090901010FF10101116100033
:1097D000002060203F10101000030C102040F80003
:1097E000E6918700101010FF900094644454E24208
:1097F000635A00000242817F0000027A42427F42A7
:1098000042FA0200E69D86001010D0FF9010808280
:109810008282FE8282828000040300FF0003000037
:109820000000FF0000000000E68AAC00101010FFEE
:109830001090203028242320283060000444827FA8
:10984000010000FF4141414141FF0000E58D8700DB
:109850008080848484FE82838280FF808080800078
:1098600000804020180700000000FF0000000000FA
:10987000E590910000F808080CCA494848C8080853
:1098800008F8000000FF0000001F0808081F004043
:10989000807F0000E5A4960000C0301F1010F0008B
:1098A00000FF204080000000814021120C030000D6
:1098B00000FF000000030000E6978B001010F196F7
:1098C000909010282724E42424E4040080601F40A2
:1098D000807F80601F207F4444444000E8BDAC008E
:1098E000C8B88FE88888404848E85F484848400042
:1098F000081808FF040400020B1222D20A06000016
:10990000E586850000F808080808887F88080808A8
:1099100008F8000000FF0008040201000001024CEA
:10992000807F0000E5BC800080828282FE8282828D
:109930008282FE8282828000008040300F00000020
:109940000000FF0000000000E6B0940020104C472B
:1099500054545454545454D40404000000000000DF
:10996000000000000000000F3040F000E6B3B5003A
:1099700042422212FA969292929292F202020200CD
:10998000404424140C44807F0408102824424000E2
:10999000E585B30000001011161010F0101014131C
:1099A000100000008181414121110D030D11214161
:1099B00041818100E5AFB9000008488808C8380037
:1099C000901010FF101010000020100C030418005D
:1099D0000043807F00000000E68EA500101010FFFD
:1099E0001050445465C64464544440000444827F8B
:1099F0000182824A562322524E820200E694BE0021
:109A00000808F94A48C84820D8171010F01010006C
:109A100040300F20403F8040211608162140800032
:109A2000E887AA00000000F8888C8A89888888F86E
:109A300000000000000000FF44444444444444FF4C
:109A400000000000E6978B001010F196909010280F
:109A50002724E42424E4040080601F40807F806089
:109A60001F207F4444444000E5898D000808E82910
:109A70002E28E80808C80C0BE80808000000FF09B9
:109A800049897F00000F40807F000000E8BDAE00E4
:109A9000C8B88FE888C820900C030C902040400084
:109AA000081808FF0404003F444241404070000091
:109AB000E5858500040484C4A49C85868484A4C4AC
:109AC0008404040000808040300F0000007F80800C
:109AD00081F00000E694BE000808F94A48C8482012
:109AE000D8171010F010100040300F20403F804079
:109AF0002116081621408000E5908E00000000FC31
:109B0000242424242222222322202000402018075B
:109B100000FE424242424242FE000000E4B88A0097
:109B2000000000000000FF404040404040000000B6
:109B30004040404040407F40404040404040400026
:109B4000E58FB0000040E05048444340404048505A
:109B500060C00000000000FE42424242424242FE1B
:109B600000000000E998B60000FE0222DA0640205C
:109B7000900C030C9020400000FF08100807806044
:109B80001F000000FF000000E9998D0000FE022286
:109B9000DA8690485724A4544C84800000FF0810B3
:109BA000080718121212FF1212121000E68A930010
:109BB000101010FF109000FC04FC04FE03020000D3
:109BC0000444827F0180601F007F00010E3040004E
:109BD000E6ADA6002020242424A4242420FF202253
:109BE0002C20200040C07E40403F222220030C1049
:109BF0002040F800E599A80080809E9292929EE015
:109C0000809EB2D2929E80000808F4949292F10055
:109C100001F2929494F80800E8A3850040422410D1
:109C2000FF00844444447F4444440400222212122E
:109C30000AFE42270A1222324A4242001010000055
:109C40005097000823000000E4890008000000008D
:109C50008080808080808080868F9FBFFFFCF8F8A6
:109C6000E0E0C08080808080C0E0E0F8F8FCFEBFCB
:109C70009F8F86808080808080800000000000F8B8
:109C8000FEFFFFFFFF1F1F1F1F1F1F1F1F1F1F1F85
:109C90001F1F1F1F1F1F1F1F1F1F1F1F1F1F1F1FD4
:109CA0001F1F1F1F1F1F1F1F1F1F1F1FFFFFFFFE45
:109CB000FCF8FFFFFFFFFFFF000000E0E0F0F0F026
:109CC000F0F8F8F8F8F8F8000000000000000000D4
:109CD00000F8F8F8F8F8F8F0F0F0F0E0200000FFF5
:109CE000FFFFFFFFFFFFFFFFFFFFFF00000000037C
:109CF0000101010100000000008080000080C0C060
:109D000080000080800000000000010101030300CA
:109D10000000FFFFFFFFFFFFFFFFFFFFFFFF00004F
:109D20000000000000000000000000010707070716
:109D300007030707070707030100000000000000F2
:109D40000000000000FFFFFFFFFFFF0107071F1FCC
:109D50001F1F1F1F1FFFFFFFFFFFFF1F1F1F1F1FD3
:109D60001F1F1F1F1F1F1F1F1F1F1F1F1F1F7FFFC3
:109D7000FFFFFFFF7F1F1F1F1F1F1F07070300009D
:109D8000333000004C9C00086C9E00086D360008C3
:109D9000AC9E0008213800087C9E00081D39000890
:109DA0008C9E0008ED3900089C9E0008DD3A0008F2
:109DB000000C024000800000000002400010000083
:109DC0000000024000800000000002400008000087
:109DD00000080240080000000010024004000000DB
:109DE00000100240020000000008024004000000D1
:109DF000000C024000020000000C024000040000C1
:109E0000000C024000080000000C0240001000009E
:109E1000000C024000200000BC9E000859370008DA
:109E2000D49E0008E5380008C49E0008B539000833
:109E3000CC9E0008A53A0008CC9E0008153B0008FF
:109E40006D7954696D65723031000000554152548E
:109E5000325F5258000000006D656E757461736B5F
:109E6000000000006A6F797461736B00E69187E609
:109E70009D86E6A8A1E5BC8F00000000E887AAE661
:109E8000978BE6A8A1E5BC8F00000000E58F96E562
:109E90009D97E6A8A1E5BC8F00000000E694BEE512
:109EA0009D97E6A8A1E5BC8F00000000E58FB0E912
:109EB00098B6E6A8A1E5BC8F00000000E69187E611
:109EC0009D860000E68AACE58D870000E6A8A1E546
:109ED000BC8F0000E58F96E59D970000FC9E000872
:109EE00000000020D000000076530008CC9F00083E
:109EF000D0000020A05B0000865300080000000096
:109F00000000000000000000000000000000000051
:109F100010000000010000000024F4000000000018
:109F20000000000000000000000000000000000031
:109F30000000000000000000000000000000000021
:109F40000000000000000000000000000000000011
:109F50000000000000000000000000000000000001
:109F600000000000000000000000000000000000F1
:109F700000000000000000000000000000000000E1
:109F800000000000000000000000000000000000D1
:109F900000000000000000000000000000000000C1
:109FA00000000000000000000000000000000000B1
:109FB00000000000000000000000000000000000A1
:0C9FC000AAAAAAAA0000000000000000ED
:040000050800018965
:00000001FF
